url,status,title,meta_description,h1,word_count
https://www.dunyadillerimerkezi.com/sinav-hazirlik-egitimleri/proficiency-kursu.html,200,Proficiency Kursu | Eğitim Programı hazırlık bitirme ve yüksek lisans,Türkiye çapında bilinen akademik başarısı tescilli öğretmenlerle Proficiency sınavında hazırlık atlama kursları düzenlenmektedir.,Proficiency Kursu | Eğitim Programı hazırlık bitirme ve yüksek lisans,353
https://www.dunyadillerimerkezi.com/yabanci-dil-egitimleri/ingilizce-kursu.html,200,İngilizce Kursu Dil Eğitim Sistemi ve Fiyatları | Dünya Dilleri Merkezi,"İngilizce kursu hakkında detaylı bilgi: 5 şubemizde başlangıçtan ileriye tüm seviyelerde İngilizce programları, ders içerikleri ve kayıt koşulları.",İngilizce Kursu Dil Eğitim Sistemi ve Fiyatları,941
https://www.dunyadillerimerkezi.com/yabanci-dil-egitimleri/yabancila-icin-turkce-kurs/atasehir-subesi-turkce-kurs-tarihi.html,200,Ataşehir Şubesi Türkçe Kurs Tarihi,Ataşehir şubemizde yabancılar için Türkçe kurs tarihleri ve program detayları; başlangıçtan ileri seviyeye uygun yüz yüze ve online dersler,Türkçe Kursu Ataşehir Ders Programı,268
https://www.dunyadillerimerkezi.com/sinav-hazirlik-egitimleri/gre-kursu/gre-kursu-2.html,200,GRE Programları,"GRE programları; sınav teknikleri, pratik testler, online ve yüz yüze eğitim seçenekleriyle hızlı ve etkili hazırlık.",GRE Kurs Programı,102
https://www.dunyadillerimerkezi.com/diger-program/ozel-dersler.html?view=article&id=368:ingilizce-ozel-ders&catid=48,200,İngilizce Özel Ders Birebir Kurs Programları,"İngilizce özel ders birebir kurs programları; başlangıçtan ileri seviyeye, konuşma pratiği, sınav hazırlık ve özel ders seçenekleriyle esnek eğitim",İngilizce Özel Ders Birebir Kurs Programları,182
https://www.dunyadillerimerkezi.com/diger-program/ozel-dersler.html?view=article&id=374:cince-ozel-ders&catid=48,200,Çince Özel Ders Birebir Kurs Programları,"Çince özel ders birebir kurs programları; başlangıçtan ileri seviyeye, konuşma pratiği, sınav hazırlık ve özel ders seçenekleriyle esnek eğitim",Çince Özel Ders Birebir Kurs Programları,135
https://www.dunyadillerimerkezi.com/yabanci-dil-egitimleri/yabancila-icin-turkce-kurs.html,200,Yabancılar İçin Türkçe Kursu | Dünya Dilleri Merkezi,"Yabancılar için Türkçe kursu hakkında detaylı bilgi: 5 şubemizde başlangıçtan ileriye tüm seviyelerde Türkçe programları, ders içerikleri ve kayıt koşulları",Yabancılar İçin Türkçe Kursu,315
https://www.dunyadillerimerkezi.com/ddm-iletisim/umraniye.html,200,Dünya Dilleri Merkezi Ataşehir Şubesi - İletişim - Adres - Yol Tarifi,Dünya Dilleri Merkezi Ataşehir Şubesi İletişim Adres Bilgileri.,,1307
https://www.dunyadillerimerkezi.com/yabanci-dil-egitimleri/almanca-kursu/almanca-kursu-2.html,200,Almanca Kurs Programı| Dünya Dilleri Merkezi,"Almanca programları; başlangıçtan ileri seviyeye, konuşma pratiği, sınav hazırlık ve özel ders seçenekleriyle esnek eğitim.",Almanca Kurs Programı,145
https://www.dunyadillerimerkezi.com/ingilizce-kurslari/elementary-ingilizce-kursu.html,200,Elementary İngilizce Kursu,"Elementary İngilizce kursu; temel seviyede dil eğitimi, konuşma pratiği, sınav hazırlık ve özel ders seçenekleriyle esnek programlar.",Elementary İngilizce Kursu | Beginner Yeni Başlayanlar İçin İngilizce,301
https://www.dunyadillerimerkezi.com/yabanci-dil-egitimleri/ingilizce-kursu/besiktas-subesi-kurs-tarihi.html,200,İngilizce Kursu Etiler Ders Programı| Dünya Dilleri Merkezi,"Levent–Etiler İngilizce kursu tarihleri: güncel kurs başlangıç tarihleri, eğitim programları, ders içerikleri ve kayıt koşulları hakkında detaylı bilgi.",İngilizce Kursu Etiler Ders Programı,247
https://www.dunyadillerimerkezi.com/sinav-hazirlik-egitimleri/proficiency-kursu/proficiency-ozel-ders.html,200,Proficiency Özel Ders Birebir Kurs Programları,"Proficiency özel ders birebir kurs programları; üniversite hazırlık, sınav teknikleri, online ve yüz yüze eğitim seçenekleriyle başarı odaklı dersler.",Proficiency Özel Ders Birebir Kurs Programları,139
https://www.dunyadillerimerkezi.com/yabanci-dil-egitimleri/ingilizce-kursu/bagdat-caddesi-subesi-kurs-tarihi.html,200,İngilizce Kursu Bağdat Caddesi Ders Programı | Dünya Dilleri Merkezi,"Bağdat Caddesi İngilizce kursu tarihleri: yeni dönem başlangıç tarihleri, tüm seviyelerde eğitim programları, ders içerikleri ve kayıt bilgileri.",İngilizce Kursu Bağdat Caddesi Ders Programı,252
https://www.dunyadillerimerkezi.com/component/content/article/338-iletisim-sayfasi-cadde.html?Itemid=403&catid=46,200,İletişim Sayfası Bağdat Caddesi,Dünya Dilleri Merkezi Bağdat Caddesi Akademik Şubesi İletişim Adres Bilgileri.,,30
https://www.dunyadillerimerkezi.com/diger-program/tercume-hizmetleri.html,200,Tercüme Hizmetleri,"Her dilde profesyonel tercüme hizmetleri; akademik, resmi belge, sözlü çeviri, noter onaylı tercüme ve danışmanlıkla 4 şubede güvenilir çözümler.",Tercüme Hizmetleri,451
https://www.dunyadillerimerkezi.com/sinav-hazirlik-egitimleri/gmat-kursu/bagdat-caddesi-gmat-subesi-kurs-tarihi.html,200,Bağdat Caddesi GMAT Şubesi Kurs Tarihi - İstanbul - DDM / Dünya Dilleri Merkezi,"Bağdat Caddesi GMAT kursu tarihleri: başlangıçtan ileriye tüm hazırlık programları, ders içerikleri ve kayıt bilgileri",,191
https://www.dunyadillerimerkezi.com/sinav-hazirlik-egitimleri/proficiency-kursu.html?view=article&id=364:proficiency-sinavi&catid=35,200,Proficiency Sınavı,"Proficiency sınavı hazırlık kursu; üniversite hazırlık, sınav teknikleri, pratik testler, online ve yüz yüze eğitim seçenekleriyle başarı odaklı programlar",,86
https://www.dunyadillerimerkezi.com/sinav-hazirlik-egitimleri/gre-kursu.html,200,GRE Kursu Sınav Hazırlık Eğitimi ve Fiyatları | Dünya Dilleri Merkezi,"GRE kursu hakkında detaylı bilgi: Kadıköy, Bağdat Caddesi, Levent–Etiler ve Ataşehir şubelerinde sınav hazırlık programları, kurs tarihleri ve kayıt koşulları.",GRE Kursu Sınav Hazırlık Eğitimi ve Fiyatları,998
https://www.dunyadillerimerkezi.com/diger-program/ozel-dersler.html?view=article&id=382:gre-ozel-ders&catid=48,200,GRE Özel Ders Birebir Kurs Programları,"GRE özel ders birebir kurs programları; sınav teknikleri, pratik testler, online ve yüz yüze eğitim seçenekleriyle kapsamlı hazırlık.",GRE Özel Ders Birebir Kurs Programları,164
https://www.dunyadillerimerkezi.com/yabanci-dil-egitimleri/cince-kursu/online-cince-egitimi.html,200,Online Çince Eğitimi Dil Kursu| Dünya Dilleri Merkezi,"Online İtalyanca eğitimi; başlangıçtan ileri seviyeye, konuşma pratiği, sınav hazırlık ve özel ders seçenekleriyle esnek programlar.",Online Çince Eğitimi Dil Kursu,91
https://www.dunyadillerimerkezi.com/diger-program/ozel-dersler.html?view=article&id=379:pte-ozel-ders&catid=48,200,PTE Akademik Özel Ders,"PTE Akademik özel ders; sınav stratejileri, pratik testler, online ve yüz yüze eğitim seçenekleriyle hızlı ve etkili hazırlık.",PTE Akademik Özel Ders,182
https://www.dunyadillerimerkezi.com/ogrenci-yorumlari/411-irem-uludirik-marmara-%C3%BCniversitesi-haz%C4%B1rl%C4%B1k-atlama-s%C4%B1nav%C4%B1-%C3%B6%C4%9Frenci-yorumu.html,200,İrem ULUDİRİK,Öğrenci yorumları mail formunu kullanarak sitemize içerik yazınızı gönderebilirsiniz.,İrem ULUDİRİK,59
https://www.dunyadillerimerkezi.com/diger-program.html,200,Diğer Programlar,"Kadıköy, Levent, Etiler, Ataşehir, Bağdat Caddesi ve Ümraniye şubelerinde Work and Travel, Business English ve özel derslerle yurtdışında dil eğitimi programları.”",,300
https://www.dunyadillerimerkezi.com/yabanci-dil-egitimleri/rusca-kursu/bagdat-caddesi-subesi-rusca-kurs-tarihi.html,200,Bağdat Caddesi Şubesi Rusça Kurs Tarihi,"Bağdat Caddesi Rusça kursu tarihleri: yeni dönem başlangıç tarihleri, tüm seviyelerde eğitim programları, ders içerikleri ve kayıt bilgileri.",Rusça Kursu Bağdat Caddesi Ders Programı,208
https://www.dunyadillerimerkezi.com/ogrenci-yorumlari/16-sibiya-sayeste.html,200,Sibiya Sayeste,Öğrencimiz Sibiya Sayeste almış olduğu dil eğitimi hakkında genel değerlendirme ve düşüncelerini bizlerle paylaştı.,Sibiya Sayeste,33
https://www.dunyadillerimerkezi.com/ogrenci-yorumlari/18-hulya-osmanoglu-ogrenci-yorumu.html,200,Hülya Osmanoğlu,Öğrencimiz Hülya Osmanoğlu almış olduğu dil eğitimi hakkında genel değerlendirme düşüncelerini bizlerle paylaştı.,Hülya Osmanoğlu,155
https://www.dunyadillerimerkezi.com/yabanci-dil-egitimleri/flemenkce-kursu.html,200,Hollandaca | Flemenkçe Kursu,"Hollandaca | Flemenkçe kursu; başlangıçtan ileri seviyeye, konuşma pratiği, sınav hazırlık ve özel ders seçenekleriyle esnek eğitim.",Hollandaca | Flemenkçe Kursu | Eğitim Programı Flemenkçe Konuşma Öğrenme,275
https://www.dunyadillerimerkezi.com/yabanci-dil-egitimleri/rusca-kursu/rusca-kursu-2.html,200,Rusça Kurs Programı| Dünya Dilleri Merkezi,"Rusça programları; başlangıçtan ileri seviyeye, konuşma pratiği, sınav hazırlık ve özel ders seçenekleriyle esnek eğitim",Rusça Kurs Programı,74
https://www.dunyadillerimerkezi.com/sinav-hazirlik-egitimleri/proficiency-kursu.html?view=article&id=304:bagdat-caddesi-kurs-tarihi&catid=35,200,Bağdat Caddesi Şubesi PROFICIENCY Kurs Tarihi,"Bağdat Caddesi Proficiency kursu tarihleri: başlangıçtan ileriye tüm hazırlık programları, ders içerikleri ve kayıt bilgileri.",PROFICIENCY Kursu Bağdat Caddesi Ders Programı,235
https://www.dunyadillerimerkezi.com/sinav-hazirlik-egitimleri/academic-pte.html,200,PTE Kursu,"PTE kursu; sınav teknikleri, pratik testler, online ve yüz yüze eğitim seçenekleriyle hızlı ve etkili hazırlık programları.",PTE Kursu Sınav Hazırlık Eğitimi Ders Fiyatları,354
https://www.dunyadillerimerkezi.com/ogrenci-yorumlari/386-bensu-esin.html,200,Bensu Esin,Öğrencimiz Bensu Esin'in almış olduğu hazırlık atlama sınavı eğitimi sonrası görüşleri.,Bensu Esin,26
https://www.dunyadillerimerkezi.com/yabanci-dil-egitimleri/fransizca-kursu/fransizca-ozel-ders.html,200,Fransızca Özel Ders Birebir Kurs Programları| Dünya Dilleri Merkezi,"Fransızca özel ders birebir kurs programları; başlangıçtan ileri seviyeye, konuşma pratiği, sınav hazırlık ve özel ders seçenekleriyle esnek eğitim",Fransızca Özel Ders Birebir Kurs Programları,259
https://www.dunyadillerimerkezi.com/yabanci-dil-egitimleri/ispanyolca-kursu/besiktas-subesi-ispanyolca-kurs-tarihi.html,200,Etiler Şubesi İspanyolca Kurs Tarihi,"Levent–Etiler İspanyolca kursu tarihleri: güncel kurs başlangıç tarihleri, eğitim programları, ders içerikleri ve kayıt koşulları hakkında detaylı bilgi.",İspanyolca Kursu Etiler Ders Programı,230
https://www.dunyadillerimerkezi.com/ogrenci-yorumlari/450-janset-nil-genc.html,200,Janset Nil,Öğrenci yorumları mail formunu kullanarak sitemize içerik yazınızı gönderebilirsiniz.,Janset Nil,136
https://www.dunyadillerimerkezi.com/marmara-universitesi.html,200,Marmara Üniversitesi Proficiency Hazırlık Atlama Sınavı Kursu,"Marmara Üniversitesi hazırlık atlama sınavına girecek öğrencilere özel reading, writing, speaking, listening becerisini geliştirmeye yönelik eğitimler.",,268
https://www.dunyadillerimerkezi.com/ogrenci-yorumlari/418-ielts-kurs-ogrenci-yorumu-mehmet-akif-dadaloglu.html,200,Mehmet Akif DADALOĞLU,IELTS hazırlık kursu öğrencimiz Mehmet Akif DADALOĞLU'nun yorumu.,Mehmet Akif DADALOĞLU,83
https://www.dunyadillerimerkezi.com/sinav-hazirlik-egitimleri/aile-birlesimi-egitimi.html,200,Almanca Aile Birleşimi A1 Kursu,"Almanca Aile Birleşimi A1 kursu hakkında detaylı bilgi: Kadıköy, Bağdat Caddesi, Levent–Etiler ve Ataşehir şubelerinde SD1 sertifikası için kurs tarihleri, içerikler ve kayıt koşulları",Almanca Aile Birleşimi A1 Kursu,1201
https://www.dunyadillerimerkezi.com/yabanci-dil-egitimleri/italyanca-kursu.html,200,İtalyanca Kursu Dil Eğitim Sistemi ve Fiyatları | Dünya Dilleri Merkezi,"İtalyanca kursu hakkında detaylı bilgi: Kadıköy, Bağdat Caddesi, Levent–Etiler ve Ataşehir şubelerinde Türk ve İtalyan öğretmenlerle küçük gruplar ve birebir derslerle yüz yüze ve online eğitim.",İtalyanca Kursu Dil Eğitim Sistemi ve Fiyatları,710
https://www.dunyadillerimerkezi.com/ozyegin-universitesi.html,200,TRACE Kursu - DDM / Dünya Dilleri Merkezi,"Özyeğin Üniversitesi hazırlık atlama TRACE sınavına girecek öğrencilere özel reading, writing, speaking, listening becerisini geliştirmeye yönelik eğitimler.",,662
https://www.dunyadillerimerkezi.com/sinav-hazirlik-egitimleri/gmat-kursu.html?view=article&id=165:gmat-nedir&catid=39,200,GMAT Nedir ?,"GMAT sınavı hakkında detaylı bilgi: Kadıköy, Bağdat Caddesi, Levent–Etiler ve Ataşehir şubelerinde GMAT hazırlık kursları, program içerikleri ve kayıt bilgileri",GMAT Nedir ?,161
https://www.dunyadillerimerkezi.com/yildiz-teknik-universitesi.html,200,Yıldız Teknik Üniversitesi YTÜ Proficiency Hazırlık Atlama Sınavı Kursu,"Yıldız Teknik Üniversitesi hazırlık atlama sınavı öğrencilerine özel okuma, anlama, kelime ve dilbilgisi becerisini geliştirmeye yönelik eğitimler.",,243
https://www.dunyadillerimerkezi.com/yabanci-dil-egitimleri/almanca-kursu.html?view=article&id=369:almanca-ozel-ders&catid=48,200,Almanca Özel Ders Birebir Kurs Programları,"Almanca özel ders birebir kurs programları; başlangıçtan ileri seviyeye, konuşma pratiği, sınav hazırlık ve özel ders seçenekleriyle esnek eğitim",Almanca Özel Ders Birebir Kurs Programları,175
https://www.dunyadillerimerkezi.com/sinav-hazirlik-egitimleri/proficiency-kursu/sabanci-universitesi.html,200,ELAE Kursu - DDM / Dünya Dilleri Merkezi,"Sabancı Üniversitesi hazırlık atlama ELAE sınavına girecek öğrencilere özel reading, writing, speaking, listening becerisini geliştirmeye yönelik eğitimler.",ELAE Kursu,718
https://www.dunyadillerimerkezi.com/sinav-hazirlik-egitimleri/sat-kursu/sat-nedir.html,200,SAT Nedir?,"SAT sınavı hakkında detaylı bilgi: Kadıköy, Bağdat Caddesi, Levent–Etiler ve Ataşehir şubelerinde SAT hazırlık kursları, program içerikleri ve kayıt bilgileri.",SAT Nedir?,225
https://www.dunyadillerimerkezi.com/yurtdisi-egitim/yaz-okullari.html,200,Yaz Okulları Gençler için Yurtdışı İngilizce Programları,"Gençler için yurtdışı yaz okulları; İngilizce kursları, kültürel etkinlikler, sınav hazırlık ve sosyal programlarla kapsamlı eğitim",Yaz Okulları Gençler için Yurtdışı İngilizce Programları,207
https://www.dunyadillerimerkezi.com/yabanci-dil-egitimleri/ispanyolca-kursu.html,200,İspanyolca Kursu | DDM | Dünya Dilleri Merkezi,"İspanyolca kursu hakkında detaylı bilgi: 5 şubemizde başlangıçtan ileriye tüm seviyelerde İspanyolca programları, ders içerikleri ve kayıt koşulları",İspanyolca Kursu Dil Eğitim Sistemi ve Fiyatları,702
https://www.dunyadillerimerkezi.com/diger-program/business-english.html,200,İş İngilizcesi - Business English,"Business English kursları; iş hayatına yönelik İngilizce, sunum teknikleri, yazışma becerileri ve profesyonel iletişim eğitimleriyle kapsamlı programlar",İş İngilizcesi - Business English,660
https://www.dunyadillerimerkezi.com/duyurular.html,200,Dil Eğitimi Kampanyaları,Dünya Dilleri Merkezi duyuru ve haber paylaşımlarını takip ederek bilgi alabilirsiniz.,,58
https://www.dunyadillerimerkezi.com/diger-program/ozel-dersler.html?view=article&id=377:ielts-ozel-ders&catid=48,200,IELTS Özel Ders Birebir Kurs Programları,"IELTS özel ders birebir kurs programları; sınav stratejileri, pratik testler, online ve yüz yüze eğitim seçenekleriyle kısa sürede etkili hazırlık",IELTS Özel Ders Birebir Kurs Programları,137
https://www.dunyadillerimerkezi.com/yabanci-dil-egitimleri/italyanca-kursu/online-italyanca-egitimi.html,200,Online İtalyanca Eğitimi Dil Kursu| Dünya Dilleri Merkezi,"Online Rusça eğitimi; başlangıçtan ileri seviyeye, konuşma pratiği, sınav hazırlık ve özel ders seçenekleriyle esnek programlar.",Online İtalyanca Eğitimi Dil Kursu,93
https://www.dunyadillerimerkezi.com/component/content/article/65-levent-subesi-on-kay%C4%B1t-formu.html?Itemid=241&catid=26,200,Levent Şubesi ön kayıt formu,"Kadıköy, Levent, Etiler, Ataşehir, Bağdat Caddesi ve Ümraniye şubelerinde İngilizce, Almanca, Fransızca, Rusça, İspanyolca, İtalyanca, Çince ve Türkçe kursları.",,33
https://www.dunyadillerimerkezi.com/yabanci-dil-egitimleri/ingilizce-konusma-kursu.html,200,İngilizce Konuşma Kursu ve Eğitim Fiyatları | Dünya Dilleri Merkezi,"İngilizce konuşma kursu hakkında detaylı bilgi: 5 şubemizde pratik konuşma odaklı İngilizce dersleri, küçük gruplar ve birebir eğitim seçenekleri.",İngilizce Konuşma Kursu ve Eğitim Fiyatları,272
https://www.dunyadillerimerkezi.com/sinav-hazirlik-egitimleri/proficiency-kursu/istanbul-sehir-universitesi.html,200,İstanbul Şehir Üniversitesi STEP Proficiency Hazırlık Atlama Sınavı Kursu,İstanbul Şehir Üniversitesi DBS ve STEP İngilizce yeterlik sınavına yönelik Proficiency hazırlık eğitimleri.,,1077
https://www.dunyadillerimerkezi.com/sinav-hazirlik-egitimleri/proficiency-kursu.html?view=article&id=323:proficiency-sinav-sorulari&catid=35,200,Proficiency Örnek Sınav Soruları,"Proficiency örnek sınav soruları; üniversite hazırlık, sınav teknikleri, pratik testler ve online eğitim seçenekleriyle başarı odaklı programlar.",Proficiency Örnek Sınav Soruları,121
https://www.dunyadillerimerkezi.com/yabanci-dil-egitimleri/cince-kursu/cince-ozel-ders.html,200,Çince Özel Ders Birebir Kurs Programları| Dünya Dilleri Merkezi,"Çince özel ders birebir kurs programları; başlangıçtan ileri seviyeye, konuşma pratiği, sınav hazırlık ve özel ders seçenekleriyle esnek eğitim",Çince Özel Ders Birebir Kurs Programları,135
https://www.dunyadillerimerkezi.com/yabanci-dil-egitimleri/cince-kursu/atasehir-subesi-cince-kurs-tarihi.html,200,Ataşehir Şubesi Çince Kurs Tarihi,"Ataşehir Çince kursu tarihleri: tüm eğitim programları, ders içerikleri ve kayıt bilgileri.",Çince Kursu Ataşehir Ders Programı,199
https://www.dunyadillerimerkezi.com/yabanci-dil-egitimleri/yabancila-icin-turkce-kurs/kadikoy-subesi-turkce-kurs-tarihi.html,200,Kadıköy Şubesi Türkçe Kurs Tarihi,"Kadıköy şubemizde yabancılar için Türkçe kurs tarihleri, program içerikleri ve kayıt bilgileri; Türk öğretmenlerle yüz yüze ve online ders seçenekleri.",Türkçe Kursu Kadıköy Ders Programı,268
https://www.dunyadillerimerkezi.com/levent-tanitim-sayfasi.html,200,Beşiktaş Şubesi Tanıtım Sayfası,Dünya Dilleri Merkezi Beşiktaş Levent Şubesi,,1871
https://www.dunyadillerimerkezi.com/sinav-hazirlik-egitimleri/toefl-kursu/atasehir-subesi-toefl-kurs-tarihi.html,200,Ataşehir Şubesi TOEFL Kurs Tarihi,"Ataşehir TOEFL kursu tarihleri: yeni dönem başlangıç tarihleri, tüm sınav hazırlık programları, ders içerikleri ve kayıt bilgileri.",TOEFL Kursu Ataşehir Ders Programı,211
https://www.dunyadillerimerkezi.com/yabanci-dil-egitimleri/fransizca-kursu/besiktas-subesi-fransizca-kurs-tarihi.html,200,Etiler Şubesi Fransızca Kurs Tarihi,"Kadıköy, Levent, Etiler, Ataşehir, Bağdat Caddesi ve Ümraniye şubelerinde Türk ve Fransız öğretmenlerle yüz yüze ve online Fransızca Kurs Tarihi",Fransızca Kursu Etiler Ders Programı,258
https://www.dunyadillerimerkezi.com/sinav-hazirlik-egitimleri/gre-kursu/besiktas-subesi-kurs-tarihi.html,200,Etiler Şubesi GRE Kurs Tarihi,"Levent–Etiler GRE kursu tarihleri: sınav hazırlık programları, ders içerikleri ve kayıt koşulları hakkında detaylı bilgi.",GRE Kursu Etiler Ders Programı,195
https://www.dunyadillerimerkezi.com/sinav-hazirlik-egitimleri/proficiency-kursu/beykent-universitesi.html,200,Beykent Üniversitesi Proficiency Hazırlık Atlama Sınavı Kursu,"Beykent Üniversitesi hazırlık atlama sınavına girecek öğrencilere özel reading, writing, speaking, listening becerisini geliştirmeye yönelik eğitimler.",,115
https://www.dunyadillerimerkezi.com/yurtdisi-egitim.html,200,"Yurtdışında İngilizce, Almanca, Fransızca, İspanyolca Eğitimi","Kadıköy, Levent, Etiler, Ataşehir, Bağdat Caddesi ve Ümraniye şubelerinde İngilizce, Almanca, Fransızca ve İspanyolca yurtdışı dil eğitimi programları.","Yurtdışı Dil Eğitimi, Hangi Dili Öğrenmek İstersiniz?",1173
https://www.dunyadillerimerkezi.com/sinav-hazirlik-egitimleri/proficiency-kursu/bahcesehir-universitesi.html,200,Bahçeşehir Üniversitesi Proficiency Hazırlık Atlama Sınavı Kursu,"Bahçeşehir Üniversitesi hazırlık atlama sınavı öğrencilerine özel reading, writing, speaking, listening becerisini geliştirmeye yönelik eğitimler.",,170
https://www.dunyadillerimerkezi.com/ogrenci-yorumlari.html?start=12,200,Öğrenci Yorumları,Öğrenci yorumları mail formunu kullanarak sitemize içerik yazınızı gönderebilirsiniz.,,388
https://www.dunyadillerimerkezi.com/duyurular/425-yks-dil-sinavi-basvuru-tarihleri.html,200,YKS Dil Sınavı Başvuru Tarihleri,"YKS dil sınavı başvuru tarihleri; güncel kayıt bilgileri, sınav hazırlık kursları ve online eğitim seçenekleriyle profesyonel destek",YKS Dil Sınavı Başvuru Tarihleri,27
https://www.dunyadillerimerkezi.com/yabanci-dil-egitimleri/yabancila-icin-turkce-kurs/besiktas-subesi-turkce-kurs-tarihi.html,200,Etiler Şubesi Türkçe Kurs Tarihi,"Levent–Etiler şubemizde yabancılar için Türkçe kurs tarihleri; Türk öğretmenlerle birebir ve grup dersleri, yüz yüze ve online eğitim seçenekleri.",Türkçe Kursu Etiler Ders Programı,268
https://www.dunyadillerimerkezi.com/yurtdisi-egitim/yurtdisi-dil-egitimi.html,200,Yurtdışı Dil Eğitim,"Yurtdışı dil eğitim; İngilizce, Almanca, Fransızca, İspanyolca kursları, sınav hazırlık, yaz okulları ve özel ders programlarıyla 4 şubede hizmet","Yurtdışı Dil Eğitimi, Hangi Dili Öğrenmek İstersiniz?",622
https://www.dunyadillerimerkezi.com/dogus-universitesi.html,200,Doğuş Üniversitesi DÜİYES Proficiency Hazırlık Atlama Sınavı Kursu,"Doğuş Üniversitesi hazırlık atlama DÜİYES sınavı öğrencilerine özel reading, writing, listening becerisini geliştirmeye yönelik eğitimler.",,347
https://www.dunyadillerimerkezi.com/duyurular/31-konusma-siniflari-speaking.html,200,Konuşma Sınıfları - Speaking Club,İngilizce konuşma kursları İngiliz hocalar tarafından drama yöntemleri uygulamalı dersler şeklindedir.,Konuşma Sınıfları - Speaking Club,118
https://www.dunyadillerimerkezi.com/sinav-hazirlik-egitimleri/yds-kursu/yds-kursu-2.html,200,YDS Kurs Programı | Dünya Dilleri Merkezi,"YDS kurs programı; sınav stratejileri, pratik testler, online ve yüz yüze eğitim seçenekleriyle kısa sürede etkili hazırlık",YDS Kurs Programı,192
https://www.dunyadillerimerkezi.com/sinav-hazirlik-egitimleri/yds-kursu.html,200,YDS Kursu Sınav Hazırlık Eğitimi ve Fiyatları | Dünya Dilleri Merkezi,"YDS kursu hakkında detaylı bilgi: Kadıköy, Bağdat Caddesi, Levent–Etiler ve Ataşehir şubelerinde sınav hazırlık programları, kurs tarihleri ve kayıt koşulları",YDS Kursu Sınav Hazırlık Eğitimi ve Fiyatları,1327
https://www.dunyadillerimerkezi.com/sinav-hazirlik-egitimleri/proficiency-kursu/bilgi-universitesi.html,200,Bilgi Üniversitesi BİLET Proficiency Sınavı Hazırlık Atlama Kursu,"Bilgi Üniversitesi hazırlık atlama BİLET sınavına girecek öğrenciler için reading, writing, speaking, listening becerisini geliştirmeye yönelik eğitimler.",,239
https://www.dunyadillerimerkezi.com/yabanci-dil-egitimleri/rusca-kursu/online-rusca-egitimi.html,200,Online Rusça Eğitimi Dil Kursu| Dünya Dilleri Merkezi,"Online İspanyolca eğitimi; başlangıçtan ileri seviyeye, konuşma pratiği, sınav hazırlık ve özel ders seçenekleriyle esnek programlar",Online Rusça Eğitimi Dil Kursu,91
https://www.dunyadillerimerkezi.com/sinav-hazirlik-egitimleri/yds-kursu/atasehir-subesi-kurs-tarihi.html,200,Ataşehir Şubesi YDS Kurs Tarihi,"Ataşehir YDS kursu tarihleri: tüm sınav hazırlık programları, ders içerikleri ve kayıt bilgileri",YDS Kursu Ataşehir Ders Programı,226
https://www.dunyadillerimerkezi.com/sinav-hazirlik-egitimleri/aile-birlesimi-egitimi/atasehir-subesi-aile-birlesimi-kurs-tarihi.html,200,"Ataşehir Şubesi Almanca Aile Birleşimi Kurs Tarihi - Dünya Dilleri Merkezi, Aile Birleşimi Almanca Sınavı, Aile Birleşimi Vizesi Başvurusu, Almanca Aile Birleşimi Kursu, Aile Birleşimi A1 Sınavı Ücreti","Ataşehir Almanca Aile Birleşimi kursu tarihleri: tüm sınav hazırlık programları, ders içerikleri ve kayıt bilgileri",,208
https://www.dunyadillerimerkezi.com/sinav-hazirlik-egitimleri/sat-kursu.html?view=article&id=316:bagdat-caddesi-kurs-tarihi&catid=38,200,Bağdat Caddesi Şubesi SAT Kurs Tarihi,"Bağdat Caddesi SAT kursu tarihleri: başlangıçtan ileriye tüm hazırlık programları, ders içerikleri ve kayıt bilgileri.",Bağdat Caddesi Şubesi SAT Kurs Tarihi,200
https://www.dunyadillerimerkezi.com/sinav-hazirlik-egitimleri/toeic-kursu/bagdat-caddesi-subesi-toeic-kurs-tarihi.html,200,Bağdat Caddesi Şubesi TOEIC Kurs Tarihi,"Bağdat Caddesi TOEIC kursu tarihleri: başlangıçtan ileriye tüm hazırlık programları, ders içerikleri ve kayıt bilgileri.",TOEIC Kursu Bağdat Caddesi Ders Programı,203
https://www.dunyadillerimerkezi.com/sinav-hazirlik-egitimleri/proficiency-kursu.html?view=article&id=306:atasehir-kurs-tarihleri&catid=35,200,Ataşehir Şubesi PROFICIENCY Kurs Tarihi,"Ataşehir Proficiency kursu tarihleri: tüm sınav hazırlık programları, ders içerikleri ve kayıt bilgileri.",PROFICIENCY Kursu Ataşehir Ders Programı,227
https://www.dunyadillerimerkezi.com/ogrenci-yorumlari/414-pte-akademik-s%C4%B1nav%C4%B1-kursu-%C3%B6%C4%9Frencisi-yorumuu.html,200,Seren KAHRAMAN,PTE Akademik sınavı eğitimi alan öğrencimiz Seren Kahraman'ın yorumu.,Seren KAHRAMAN,37
https://www.dunyadillerimerkezi.com/sinav-hazirlik-egitimleri/proficiency-kursu/isik-universitesi.html,200,Işık Üniversitesi Proficiency Hazırlık Atlama Sınavı Kursu,"Işık Üniversitesi hazırlık atlama sınavı öğrencilerine özel reading, writing, listening ve dilbilgisi becerisini geliştirmeye yönelik eğitimler.",,361
https://www.dunyadillerimerkezi.com/component/content/article/337-iletisim-sayfasi-kadikoy.html?Itemid=401&catid=46,200,İletişim Sayfası Kadıköy,Dünya Dilleri Merkezi Kadıköy Merkez Şubesi İletişim Adres Bilgisi.,,30
https://www.dunyadillerimerkezi.com/component/content/article/61-iletisim-sayfasi.html?Itemid=405&catid=46,200,İletişim Sayfası Ataşehir,Dünya Dilleri Merkezi Ataşehir Şubesi İletişim Sayfası.,,29
https://www.dunyadillerimerkezi.com/sinav-hazirlik-egitimleri/ielts-kursu/ielts-nedir.html,200,IELTS Nedir? | Dünya Dilleri Merkezi,"IELTS nedir sorusuna yanıt: Kadıköy, Bağdat Caddesi, Levent–Etiler ve Ataşehir şubelerinde IELTS sınavı hakkında detaylı bilgi, kurs tarihleri ve hazırlık programları.",IELTS Nedir?,220
https://www.dunyadillerimerkezi.com/maltepe-universitesi.html,200,Maltepe Üniversitesi Hazırlık Atlama Sınavı Kursu,"Maltepe Üniversitesi hazırlık atlama sınavına girecek öğrencilere özel dilbilgisi, reading, writing, listening becerisini geliştirmeye yönelik eğitimler.",,136
https://www.dunyadillerimerkezi.com/yurtdisi-egitim/yurtdisi-ingilizce-egitimi/kanada-vancouver-2.html,200,"yurtdışı dil kursu - DDM / Dünya Dilleri Merkezi, Work and Travel, WAT, Yurtdışı Dil Okulları, Yurtdışı Üniversiteler, İngiltere Dil Okulları, Amerika Dil Okulları","ngiltere’de yurtdışı eğitim; İngilizce kursları, sınav hazırlık, yaz okulları ve üniversiteye hazırlık programlarıyla kapsamlı dil eğitimi.",İngiltere'de Dil Okulları,388
https://www.dunyadillerimerkezi.com/ingilizce-kurslari/ingilizce-egitim-sistemi.html,200,İngilizce Eğitim Sistemi | Dünya Dilleri Merkezi,"İngilizce kurs seviyeleri hakkında detaylı bilgi: Kadıköy, Bağdat Caddesi, Levent–Etiler ve Ataşehir şubelerinde başlangıçtan ileriye tüm seviyelerde İngilizce programları, ders içerikleri ve kayıt koşulları",Dünya Dilleri Merkezi İngilizce Eğitim Sistemi,527
https://www.dunyadillerimerkezi.com/sinav-hazirlik-egitimleri/toeic-kursu/toeic-kursu-2.html,200,TOEIC Kurs Programı | Dünya Dilleri Merkezi,"TOEIC programları; sınav teknikleri, pratik testler, online ve yüz yüze eğitim seçenekleriyle hızlı ve etkili hazırlık",TOEIC Kurs Programı,87
https://www.dunyadillerimerkezi.com/yurtdisi-egitim/yuksek-ogrenim.html,200,Yüksek Öğrenim,"Yüksek öğrenim programları; yurtdışında üniversite, lisans ve yüksek lisans seçenekleri, dil hazırlık kursları ve akademik danışmanlık hizmetleri",Yurtdışında Yüksek Öğrenim İçin İngilizce,144
https://www.dunyadillerimerkezi.com/yurtdisi-egitim/yurtdisi-ingilizce-egitimi/kanada-vancouver.html,200,"yurtdışı dil kursu - DDM / Dünya Dilleri Merkezi, Work and Travel, WAT, Yurtdışı Dil Okulları, Yurtdışı Üniversiteler, İngiltere Dil Okulları, Amerika Dil Okulları","Kanada Vancouver’da yaşamak; dil eğitimi, üniversite hazırlık, kültürel yaşam, konaklama ve öğrencilere yönelik danışmanlık hizmetleriyle kapsamlı rehberlik",Kanada Vancouver’da yaşamak,489
https://www.dunyadillerimerkezi.com/kurumsal-dil-egitim.html,200,"Kurumsal Yabancı Dil Eğitimi - DDM / Dünya Dilleri Merkezi, Şirket Çalışanları İçin Dil Kursu, Yöneticilerine Özel Dil Eğitimi Programları","Kadıköy, Levent, Etiler, Ataşehir, Bağdat Caddesi ve Ümraniye şubelerinde şirketlere özel İngilizce, Türkçe ve diğer kurumsal dil eğitim programları.",Kurumsal,559
https://www.dunyadillerimerkezi.com/sinav-hazirlik-egitimleri/proficiency-kursu/istanbul-teknik-universitesi.html,200,İstanbul Teknik Üniversitesi İTÜ Proficiency Hazırlık Atlama Sınavı Kursu,"İTÜ Hazırlık atlama sınavı dilbilgisi, okuma, dinleme, anlama ve akademik düzeyde kompozisyon yazabilme becerisini geliştirmeye yönelik eğitimler düzenlemekteyiz.",,408
https://www.dunyadillerimerkezi.com/ddm-iletisim/1-kadikoy.html,200,Dünya Dilleri Merkezi Kadıköy Şubesi - İletişim - Adres - Yol Tarifi,Dünya Dilleri Merkezi Kadıköy Şubesi İletişim Adres Bilgileri.,,1305
https://www.dunyadillerimerkezi.com/sinav-hazirlik-egitimleri/yds-kursu/kadikoy-subesi-kurs-tarihi.html,200,Kadıköy Şubesi YDS Kurs Tarihi,"Kadıköy YDS kursu tarihleri hakkında detaylı bilgi: sınav hazırlık programları, ders içerikleri ve kayıt koşulları.",YDS Kursu Kadıköy Ders Programı,226
https://www.dunyadillerimerkezi.com/sinav-hazirlik-egitimleri/sat-kursu/sat-kursu-2.html,200,SAT Kurs Programı,"SAT kurs programı; sınav stratejileri, pratik testler, online ve yüz yüze eğitim seçenekleriyle kısa sürede etkili hazırlık.",,222
https://www.dunyadillerimerkezi.com/ddm-iletisim.html,200,İletişim,"Dünya Dilleri Merkezi Kadıköy, Levent, Etiler, Ataşehir ve Bağdat Caddesi şubelerimizin adres, telefon ve e‑posta iletişim bilgilerine kolayca ulaşın.",,119
https://www.dunyadillerimerkezi.com/ogrenci-yorumlari.html?start=20,200,Öğrenci Yorumları,Öğrenci yorumları mail formunu kullanarak sitemize içerik yazınızı gönderebilirsiniz.,,351
https://www.dunyadillerimerkezi.com/yabanci-dil-egitimleri/rusca-kursu/atasehir-subesi-rusca-kurs-tarihi.html,200,Ataşehir Şubesi Rusça Kurs Tarihi,"Ataşehir Rusça kursu tarihleri: yeni dönem başlangıç tarihleri, tüm eğitim programları, ders içerikleri ve kayıt bilgileri",Rusça Kursu Ataşehir Ders Programı,226
https://www.dunyadillerimerkezi.com/ogrenci-yorumlari/390-ozge-yasar.html,200,Özge Yaşar,Fransızca eğitimi alan öğrencimiz Özge Yaşar'ın düşünceleri.,Özge Yaşar,66
https://www.dunyadillerimerkezi.com/sinav-hazirlik-egitimleri/sat-kursu.html?view=article&id=317:levent-kurs-tarihi-4&catid=38,200,Etiler Şubesi SAT Kurs Tarihi,"Levent–Etiler SAT kursu tarihleri: sınav hazırlık programları, ders içerikleri ve kayıt koşulları hakkında detaylı bilgi.",,190
https://www.dunyadillerimerkezi.com/ortadogu-teknik-universitesi.html,200,Orta Doğu Teknik Üniversitesi ODTÜ Proficiency Hazırlık Atlama Sınavı Kursu,"ODTÜ Orta Doğu Teknik Üniversitesi hazırlık atlama sınavı öğrencilerine özel reading, writing, listening becerisini geliştirmeye yönelik eğitimler.",,194
https://www.dunyadillerimerkezi.com/sinav-hazirlik-egitimleri/gmat-kursu.html?view=article&id=321:levent-kurs-tarihi-4&catid=39,200,Etiler Şubesi GMAT Kurs Tarihi,"Levent–Etiler GMAT kursu tarihleri: sınav hazırlık programları, ders içerikleri ve kayıt koşulları hakkında detaylı bilgi.",GMAT Kursu Etiler Ders Programı,184
https://www.dunyadillerimerkezi.com/ogrenci-yorumlari/396-ece-erturk.html,200,Ece Ertürk,Öğrencimiz Ece Ertürk tarafından yazılan referans yazısı.,Ece Ertürk,109
https://www.dunyadillerimerkezi.com/ogrenci-yorumlari.html,200,Öğrenci Yorumları,Öğrenci yorumları mail formunu kullanarak sitemize içerik yazınızı gönderebilirsiniz.,,346
https://www.dunyadillerimerkezi.com/ddm-iletisim/is-basvurusu-kariyer.html,200,İş Başvurusu / Kariyer,"Yabancı dil kursları ve sınav hazırlık programları; yüz yüze ve online eğitim seçenekleriyle Kadıköy, Levent, Etiler, Ataşehir, Bağdat Caddesi, Ümraniye şubelerinde..",,1652
https://www.dunyadillerimerkezi.com/sinav-hazirlik-egitimleri/proficiency-kursu.html?view=article&id=303:kadikoy-merkez-kurs-tarihi&catid=35,200,Kadıköy Şubesi PROFICIENCY Kurs Tarihi,"Kadıköy Proficiency kursu tarihleri hakkında detaylı bilgi: sınav hazırlık programları, ders içerikleri ve kayıt koşulları.",PROFICIENCY Kursu Kadıköy Ders Programı,227
https://www.dunyadillerimerkezi.com/ogrenci-yorumlari.html?start=4,200,Öğrenci Yorumları,Öğrenci yorumları mail formunu kullanarak sitemize içerik yazınızı gönderebilirsiniz.,,397
https://www.dunyadillerimerkezi.com/yabanci-dil-egitimleri/fransizca-kursu/fransizca-kursu-2.html,200,Fransızca Kurs Programı| Dünya Dilleri Merkezi,"Fransızca programları; başlangıçtan ileri seviyeye, konuşma pratiği, sınav hazırlık ve özel ders seçenekleriyle esnek eğitim.",Fransızca Kurs Programı,144
https://www.dunyadillerimerkezi.com/sinav-hazirlik-egitimleri/ielts-kursu/kadikoy-subesi-kurs-tarihi.html,200,Kadıköy Şubesi IELTS Kurs Tarihi,"Kadıköy IELTS kursu tarihleri hakkında detaylı bilgi: sınav hazırlık programları, ders içerikleri ve kayıt koşulları",IELTS Kursu Kadıköy Ders Programı,205
https://www.dunyadillerimerkezi.com/yabanci-dil-egitimleri/ingilizce-konusma-kursu/bagdat-caddesi-subesi-ingilizce-konusma-kurs-tarihi.html,200,Bağdat Caddesi Şubesi İngilizce Konuşma Kursu Tarihi,"Bağdat Caddesi İngilizce konuşma kursu tarihleri: yeni dönem başlangıç tarihleri, pratik konuşma odaklı eğitim programları, ders içerikleri ve kayıt bilgileri.",İngilizce Konuşma Kursu Bağdat Caddesi Ders Programı,224
https://www.dunyadillerimerkezi.com/yabanci-dil-egitimleri/yabancila-icin-turkce-kurs/turkce-ozel-ders.html,200,Yabancılar İçin Türkçe Özel Ders,"Yabancılar için Türkçe özel ders; birebir eğitim, konuşma pratiği, sınav hazırlık ve online seçeneklerle esnek programlar.",Yabancılar İçin Türkçe Özel Ders,107
https://www.dunyadillerimerkezi.com/diger-program/yurtdisinda-egitim.html,200,Yurtdışında Dil Eğitimi Work and Travel (WAT),"yurtdışı dil kursu, Yurtdışında dil eğitimi Work And Travel, Work And Study programları ve dil okulları fiyat ve konaklama bilgileri sayfasıdır.",Yurtdışında Dil Eğitimi Work and Travel (WAT),508
https://www.dunyadillerimerkezi.com/yabanci-dil-egitimleri/ingilizce-konusma-kursu/ingilizce-konusma-kursu-2.html,200,İngilizce Konuşma Kurs Programı | Dünya Dilleri Merkezi,"ngilizce Konuşma Programları
“İngilizce konuşma programları; başlangıçtan ileri seviyeye, pratik konuşma, özel ders ve online seçeneklerle esnek eğitim",İngilizce Konuşma Kurs Programı,87
https://www.dunyadillerimerkezi.com/ogrenci-yorumlari/174-zeynep-yagmur-batikan.html,200,Zeynep Yağmur Batıkan,Öğrencimiz Yağmur Batıkan almış olduğu dil eğitimi hakkında genel düşüncelerini bizimle paylaştı.,Zeynep Yağmur Batıkan,78
https://www.dunyadillerimerkezi.com/sinav-hazirlik-egitimleri/proficiency-kursu/yeditepe-universitesi.html,200,Yeditepe Üniversitesi Proficiency Hazırlık Atlama Sınavı Kursu,"Yeditepe Üniversitesi Hazırlık atlama sınavı dilbilgisi, kelime, okuma, anlama ve akademik düzeyde kompozisyon yazabilme eğitimleri düzenlemekteyiz.",Yeditepe Üniversitesi Proficiency Kursu,398
https://www.dunyadillerimerkezi.com/ogrenci-yorumlari/415-bilgi-%C3%BCniversitesi-bilet-haz%C4%B1rl%C4%B1k-atlama-s%C4%B1nav%C4%B1-%C3%B6%C4%9Frenci-yorumu-dora.html,200,Dora ŞERMİN,Bilgi Üniversitesi BILET sınavı hazırlık eğitimi alan öğrencimiz Dora Şermin'in yorumu.,Dora ŞERMİN,68
https://www.dunyadillerimerkezi.com/yabanci-dil-egitimleri/cince-kursu/besiktas-subesi-cince-kurs-tarihi.html,200,Etiler Şubesi Çince Kurs Tarihi,"Levent–Etiler Çince kursu tarihleri: eğitim programları, ders içerikleri ve kayıt koşulları hakkında detaylı bilgi.",,199
https://www.dunyadillerimerkezi.com/ogrenci-yorumlari/367-%C3%BCnal-u%C4%9Fur-%C3%A7e%C3%A7ener.html,200,Ünal Uğur Çeçener,Öğrencimiz Uğur Çeçener almış olduğu IELTS eğitimi hakkında genel düşüncelerini ve sınav sonucunu bizimle paylaştı.,Ünal Uğur Çeçener,52
https://www.dunyadillerimerkezi.com/kadirhas-universitesi-hazirlik.html,200,Kadir Has Üniversitesi Proficiency Hazırlık Atlama Sınavı Kursu,"Kadir Has Üniversitesi hazırlık atlama sınavı öğrencilerine özel reading, writing, speaking, listening ve dil becerisini geliştirmeye yönelik eğitimler.",,265
https://www.dunyadillerimerkezi.com/duyurular/26-fransizca-kurslari.html,200,Fransızca Kursları,"Fransızca kursları; başlangıçtan ileri seviyeye, konuşma pratiği, sınav hazırlık ve özel ders seçenekleriyle esnek eğitim programları",Fransızca Kursları,30
https://www.dunyadillerimerkezi.com/ingilizce-kurslari/intermediate-ingilizce-kursu.html,200,Intermediate İngilizce Kursu,"Intermediate İngilizce kursu; orta seviyede dil eğitimi, konuşma pratiği, sınav hazırlık ve özel ders seçenekleriyle esnek programlar",Intermediate İngilizce Kursu | Orta Seviye İngilizce B1,349
https://www.dunyadillerimerkezi.com/yabanci-dil-egitimleri/rusca-kursu/rusca-ozel-ders.html,200,Rusça Özel Ders Birebir Kurs Programları| Dünya Dilleri Merkezi,"Rusça özel ders birebir kurs programları; başlangıçtan ileri seviyeye, konuşma pratiği, sınav hazırlık ve özel ders seçenekleriyle esnek eğitim",Rusça Özel Ders Birebir Kurs Programları,154
https://www.dunyadillerimerkezi.com/yabanci-dil-egitimleri/italyanca-kursu/italyanca-ozel-ders.html,200,İtalyanca Özel Ders Birebir Kurs Programları| Dünya Dilleri Merkezi,"İtalyanca özel ders birebir kurs programları; başlangıçtan ileri seviyeye, konuşma pratiği, sınav hazırlık ve özel ders seçenekleriyle esnek eğitim",İtalyanca Özel Ders Birebir Kurs Programları,167
https://www.dunyadillerimerkezi.com/duyurular/23-aile-birlesimi-kurslar.html,200,Aile Birleşimi Kursları,"Almanca A1 aile birleşimi kursları; sınav hazırlık, konuşma pratiği ve resmi süreçlere yönelik eğitimlerle profesyonel destek",Aile Birleşimi Kursları,30
https://www.dunyadillerimerkezi.com/ogrenci-yorumlari/402-irem-kurban.html,200,İrem KURBAN,Öğrenci yorumları mail formunu kullanarak sitemize içerik yazınızı gönderebilirsiniz.,İrem KURBAN,63
https://www.dunyadillerimerkezi.com/sinav-hazirlik-egitimleri/proficiency-kursu/ortadogu-teknik-universitesi.html,200,Orta Doğu Teknik Üniversitesi ODTÜ Proficiency Hazırlık Atlama Sınavı Kursu,"ODTÜ Orta Doğu Teknik Üniversitesi hazırlık atlama sınavı öğrencilerine özel reading, writing, listening becerisini geliştirmeye yönelik eğitimler.",,194
https://www.dunyadillerimerkezi.com/suleymansah-universitesi.html,200,Süleyman Şah Üniversitesi Proficiency Hazırlık Atlama Sınavı Kursu,"Süleyman Şah Üniversitesi hazırlık atlama sınavı öğrencilerine özel reading, writing, speaking, listening, dilbilgisi becerisini geliştirmeye yönelik eğitimler.",,207
https://www.dunyadillerimerkezi.com/sinav-hazirlik-egitimleri/yds-kursu/bagdat-caddesi-subesi-kurs-tarihi.html,200,Bağdat Caddesi Şubesi YDS Kurs Tarihi,"Bağdat Caddesi YDS kursu tarihleri: başlangıçtan ileriye tüm hazırlık programları, ders içerikleri ve kayıt bilgiler",YDS Kursu Bağdat Caddesi Ders Programı,234
https://www.dunyadillerimerkezi.com/yurtdisi-egitim/pathway-programi.html,200,Pathway Programı,"Pathway programı; yurtdışında üniversiteye hazırlık, akademik İngilizce, sınav hazırlık ve danışmanlık hizmetleriyle güvenilir eğitim desteği.",Pathway Programı Nedir?,217
https://www.dunyadillerimerkezi.com/ingilizce-kurslari/yks-dil-ingilizce.html,200,YKS Dil İngilizce,"YKS dil sınavı hazırlık; İngilizce kursları, sınav teknikleri, pratik testler ve online eğitim seçenekleriyle kapsamlı programlar",YKS Dil İngilizce Kursu Ders Programı,304
https://www.dunyadillerimerkezi.com/sinav-hazirlik-egitimleri/proficiency-kursu/okan-universitesi.html,200,Okan Üniversitesi Proficiency Hazırlık Atlama Sınavı Kursu,Okan Üniversitesi hazırlık atlama sınavı öğrencilerine özel sınav tekniği ve becerisini geliştirmeye yönelik eğitimler.,Okan Üniversitesi Hazırlık Atlama Sınavı Kursu,163
https://www.dunyadillerimerkezi.com/sinav-hazirlik-egitimleri/proficiency-kursu/kocaeli-universitesi-hazirlik.html,200,Kocaeli Üniversitesi Proficiency Hazırlık Atlama Sınavı Kursu,"Kocaeli Üniversitesi hazırlık atlama sınavı öğrencilerine özel reading, writing, listening ve dil becerisini geliştirmeye yönelik eğitimler.",,359
https://www.dunyadillerimerkezi.com/ingilizce-kurslari/pre-intermediate-ingilizce-kursu.html,200,Pre-Intermediate İngilizce Kursu,"Pre-Intermediate İngilizce kursu; orta seviyeye geçiş için dil eğitimi, konuşma pratiği, sınav hazırlık ve özel ders seçenekleriyle esnek programlar",Pre-Intermediate İngilizce Kursu | Başlangıç Üzeri İngilizce Eğitimi,261
https://www.dunyadillerimerkezi.com/ogrenci-yorumlari/404-burcu-kolemanoglu.html,200,Burcu KOLEMENOĞLU,Öğrenci yorumları mail formunu kullanarak sitemize içerik yazınızı gönderebilirsiniz.,Burcu KOLEMENOĞLU,102
https://www.dunyadillerimerkezi.com/sinav-hazirlik-egitimleri/toefl-kursu/kadikoy-subesi-kurs-tarihi.html,200,Kadıköy Şubesi TOEFL Kurs Tarihi,"Kadıköy TOEFL kursu tarihleri: güncel başlangıç tarihleri, sınav hazırlık programları, ders içerikleri ve kayıt koşulları hakkında detaylı bilgi.",TOEFL Kursu Kadıköy Ders Programı,209
https://www.dunyadillerimerkezi.com/aktivite-aktiviteler.html,200,Aktiviteler,Dünya Dilleri Merkezi programlarına katılarak ders ve sosyal aktivitelerinden faydalanabilirsiniz.,Aktiviteler,74
https://www.dunyadillerimerkezi.com/sinav-hazirlik-egitimleri/toeic-kursu/besiktas-subesi-toeic-kurs-tarihi.html,200,Etiler Şubesi TOEIC Kurs Tarihi,"Levent–Etiler TOEIC kursu tarihleri: sınav hazırlık programları, ders içerikleri ve kayıt koşulları hakkında detaylı bilgi.",TOEIC Kursu Etiler Ders Programı,200
https://www.dunyadillerimerkezi.com/diger-program/ozel-dersler.html?view=article&id=371:ispanyolca-ozel-ders&catid=48,200,İspanyolca Özel Ders Birebir Kurs Programları,"İspanyolca özel ders birebir kurs programları; başlangıçtan ileri seviyeye, konuşma pratiği, sınav hazırlık ve özel ders seçenekleriyle esnek eğitim",İspanyolca Özel Ders Birebir Kurs Programları,179
https://www.dunyadillerimerkezi.com/ogrenci-yorumlari/15-tugba-seker.html,200,Tuğba Şeker,Öğrencimiz Tuğba Şeker almış olduğu dil eğitimi hakkında genel değerlendirme ve düşüncelerini bizlerle paylaştı.,Tuğba Şeker,105
https://www.dunyadillerimerkezi.com/ddm-iletisim/3-levent.html,200,Dünya Dilleri Merkezi Etiler Şubesi - İletişim - Adres - Yol Tarifi,Dünya Dilleri Merkezi Etiler Şubesi İletişim Adres Bilgisi.,,1291
https://www.dunyadillerimerkezi.com/ddm-iletisim/iletisim-2-bagdat-caddesi.html,200,Dünya Dilleri Merkezi Bağdat Caddesi Şubesi - İletişim - Adres - Yol Tarifi,Dünya Dilleri Merkezi Bağdat Caddesi Akademik Şubesi İletişim Adres Bilgileri.,,1304
https://www.dunyadillerimerkezi.com/sinav-hazirlik-egitimleri/gre-kursu/gre-nedir.html,200,GRE Nedir?,"GRE sınavı hakkında detaylı bilgi: Kadıköy, Bağdat Caddesi, Levent–Etiler ve Ataşehir şubelerinde GRE hazırlık kursları, program içerikleri ve kayıt bilgileri.",GRE Nedir?,604
https://www.dunyadillerimerkezi.com/sinav-hazirlik-egitimleri/gmat-kursu/gmat-ozel-ders.html,200,GMAT Özel Ders - İstanbul - DDM / Dünya Dilleri Merkezi,"GMAT özel ders birebir kurs programları; sınav stratejileri, pratik testler, online ve yüz yüze eğitim seçenekleriyle profesyonel hazırlık",,165
https://www.dunyadillerimerkezi.com/ogrenci-yorumlari/406-ielts-ogrenci-yorumu-tayfun.html,200,Tayfun YILDIRIM,IELTS sınavı hazırlık kursu öğrenci yorumları bilgisi.,Tayfun YILDIRIM,78
https://www.dunyadillerimerkezi.com/kurumsal-dil-egitim/turkish-course-pegasus-pilots.html,200,Turkish Course - Exclusive For Pegasus Pilots,"Kadıköy, Levent, Etiler, Ataşehir, Bağdat Caddesi ve Ümraniye şubelerinde Pegasus pilotlarına özel Türkçe kursları, grup ve bireysel program seçenekleri.",FLY To Success,43
https://www.dunyadillerimerkezi.com/sinav-hazirlik-egitimleri/proficiency-kursu/acibadem-universitesi.html,200,Acıbadem Üniversitesi Proficiency Sınavı Hazırlık Atlama Kursu,"Acıbadem Üniversitesi AYES hazırlık atlama sınavına yönelik dilbilgisi, gramer, konuşma ve anlama becerisini geliştirme eğitimleri.",,290
https://www.dunyadillerimerkezi.com/sinav-hazirlik-egitimleri/sat-kursu/bagdat-caddesi-subesi-sat-kurs-tarihi.html,200,SAT Kursu Bağdat Caddesi - DDM / Dünya Dilleri Merkezi,"Bağdat Caddesi SAT kursu tarihleri: başlangıçtan ileriye tüm hazırlık programları, ders içerikleri ve kayıt bilgileri.",Bağdat Caddesi Şubesi SAT Kurs Tarihi,200
https://www.dunyadillerimerkezi.com/ingilizce-kurslari/advanced-ingilizce-kursu.html,200,Advanced İngilizce C1 Kursu İleri Seviye C1 | Dünya Dilleri Merkezi,"Advanced İngilizce kursu; ileri seviyede dil eğitimi, sınav hazırlık, akademik İngilizce ve özel ders seçenekleriyle kapsamlı programlar.",Advanced İngilizce C1 Kursu | İleri Seviye C1,438
https://www.dunyadillerimerkezi.com/sinav-hazirlik-egitimleri/proficiency-kursu/yildiz-teknik-universitesi.html,200,Yıldız Teknik Üniversitesi YTÜ Proficiency Hazırlık Atlama Sınavı Kursu,"Yıldız Teknik Üniversitesi hazırlık atlama sınavı öğrencilerine özel okuma, anlama, kelime ve dilbilgisi becerisini geliştirmeye yönelik eğitimler.",,243
https://www.dunyadillerimerkezi.com/sinav-hazirlik-egitimleri/sat-kursu.html?view=article&id=159:sat-nedir&catid=38,200,SAT Nedir?,"SAT sınavı hakkında detaylı bilgi: Kadıköy, Bağdat Caddesi, Levent–Etiler ve Ataşehir şubelerinde SAT hazırlık kursları, program içerikleri ve kayıt bilgileri.",SAT Nedir?,225
https://www.dunyadillerimerkezi.com/diger-program/ozel-dersler.html?view=article&id=381:sat-ozel-ders&catid=48,200,SAT Özel Ders Birebir Kurs Programları,"SAT özel ders birebir kurs programları; sınav stratejileri, pratik testler, online ve yüz yüze eğitim seçenekleriyle etkili hazırlık.",SAT Özel Ders Birebir Kurs Programları,194
https://www.dunyadillerimerkezi.com/sinav-hazirlik-egitimleri/yokdil-sinavi-kursu.html,200,YÖKDİL Sınavı Hazırlık Kursu,"YÖKDİL sınavı hazırlık kursu; sınav teknikleri, pratik testler, online ve yüz yüze eğitim seçenekleriyle profesyonel destek",YÖKDİL Sınavı Hazırlık Kursu,175
https://www.dunyadillerimerkezi.com/istanbul-sehir-universitesi.html,200,İstanbul Şehir Üniversitesi STEP Proficiency Hazırlık Atlama Sınavı Kursu,İstanbul Şehir Üniversitesi DBS ve STEP İngilizce yeterlik sınavına yönelik Proficiency hazırlık eğitimleri.,,1077
https://www.dunyadillerimerkezi.com/ogrenci-yorumlari/387-u%C4%9Fur-onar.html,200,Uğur Onar,Öğrencimiz Uğur Onar almış olduğu IELTS sınav hazırlık eğitimi hakkında genel düşüncelerini bizimle paylaştı.,Uğur Onar,96
https://www.dunyadillerimerkezi.com/cadde-tanitim-sayfasi.html,200,Bağdat Caddesi Şubesi Tanıtım Sayfası,Dünya Dilleri Merkezi Bağdat Caddesi Şubesi,,1630
https://www.dunyadillerimerkezi.com/sinav-hazirlik-egitimleri/toefl-kursu.html,200,TOEFL Kursu İstanbul TOEFL IBT Hazırlık Eğitimi | Dünya Dilleri Merkezi,"TOEFL kursu hakkında detaylı bilgi: Kadıköy, Bağdat Caddesi, Levent–Etiler ve Ataşehir şubelerinde Türk ve yabancı öğretmenlerle küçük gruplar ve birebir derslerle yüz yüze ve online eğitim",,513
https://www.dunyadillerimerkezi.com/sinav-hazirlik-egitimleri/toeic-kursu.html?view=article&id=128:toeic-nedir&catid=33,200,TOEIC Nedir?,"Kadıköy, Bağdat Caddesi, Levent–Etiler ve Ataşehir şubelerinde TOEIC kursları; Türk ve yabancı öğretmenlerle küçük gruplar, yüz yüze ve online sınav hazırlık programları.",TOEIC Nedir?,222
https://www.dunyadillerimerkezi.com/sinav-hazirlik-egitimleri/aile-birlesimi-egitimi/besiktas-subesi-aile-birlesimi-kurs-tarihi.html,200,"Beşiktaş Şubesi Almanca Aile Birleşimi Kurs Tarihi - Dünya Dilleri Merkezi, Aile Birleşimi Almanca Sınavı, Aile Birleşimi Vizesi Başvurusu, Almanca Aile Birleşimi Kursu, Aile Birleşimi A1 Sınavı Ücreti","Levent–Etiler Almanca Aile Birleşimi kursu tarihleri: sınav hazırlık programları, ders içerikleri ve kayıt koşulları hakkında detaylı bilgi",,209
https://www.dunyadillerimerkezi.com/ogrenci-yorumlari/449-ece-kezlev.html,200,Ece KEZLEV,Öğrenci yorumları mail formunu kullanarak sitemize içerik yazınızı gönderebilirsiniz.,Ece KEZLEV,102
https://www.dunyadillerimerkezi.com/yabanci-dil-egitimleri/ingilizce-konusma-kursu/ingilizce-konusma-ozel-ders.html,200,İngilizce Konuşma Bire Bir Özel Ders Eğitimi | Dünya Dilleri Merkezi,"Ataşehir şubesi ön kayıt formu; İngilizce, Almanca, Fransızca, İspanyolca kursları için erken kayıt avantajları ve online başvuru imkânı.",İngilizce Konuşma Bire Bir Özel Ders Eğitimi,105
https://www.dunyadillerimerkezi.com/yabanci-dil-egitimleri/fransizca-kursu/bagdat-caddesi-subesi-fransizca-kurs-tarihi.html,200,Bağdat Caddesi Fransızca Kurs Tarihi,"Kadıköy, Levent, Etiler, Ataşehir, Bağdat Caddesi ve Ümraniye şubelerinde Türk ve Fransız öğretmenlerle yüz yüze ve online Fransızca Kurs Tarihi",Fransızca Kursu Bağdat Caddesi Ders Programı,229
https://www.dunyadillerimerkezi.com/yabanci-dil-egitimleri/italyanca-kursu/kadikoy-subesi-italyanca-kurs-tarihi.html,200,Kadıköy Şubesi İtalyanca Kurs Tarihi,"Kadıköy İtalyanca kursu tarihleri: güncel başlangıç tarihleri, sınav hazırlık programları, ders içerikleri ve kayıt koşulları hakkında detaylı bilgi",İtalyanca Kursu Kadıköy Ders Programı,202
https://www.dunyadillerimerkezi.com/sinav-hazirlik-egitimleri/proficiency-kursu/kadirhas-universitesi-hazirlik.html,200,Kadir Has Üniversitesi Proficiency Hazırlık Atlama Sınavı Kursu,"Kadir Has Üniversitesi hazırlık atlama sınavı öğrencilerine özel reading, writing, speaking, listening ve dil becerisini geliştirmeye yönelik eğitimler.",,265
https://www.dunyadillerimerkezi.com/yabanci-dil-egitimleri/cince-kursu/kadikoy-subesi-cince-kurs-tarihi.html,200,Kadıköy Şubesi Çince Kurs Tarihi,"Kadıköy Çince kursu tarihleri hakkında detaylı bilgi: sınav hazırlık programları, ders içerikleri ve kayıt koşulları.",Çince Kursu Kadıköy Ders Programı,199
https://www.dunyadillerimerkezi.com/yabanci-dil-egitimleri/italyanca-kursu/bagdat-caddesi-subesi-italyanca-kurs-tarihi.html,200,Bağdat Caddesi Şubesi İtalyanca Kurs Tarihi,"Bağdat Caddesi İtalyanca kursu tarihleri: yeni dönem başlangıç tarihleri, tüm seviyelerde eğitim programları, ders içerikleri ve kayıt bilgileri.",İtalyanca Kursu Bağdat Caddesi Ders Programı,207
https://www.dunyadillerimerkezi.com/ogrenci-yorumlari.html?start=40,200,Öğrenci Yorumları,Öğrenci yorumları mail formunu kullanarak sitemize içerik yazınızı gönderebilirsiniz.,,186
https://www.dunyadillerimerkezi.com/yabanci-dil-egitimleri/italyanca-kursu/italyanca-kursu-2.html,200,İtalyanca Kurs Programı| Dünya Dilleri Merkezi,"İtalyanca programları; başlangıçtan ileri seviyeye, konuşma pratiği, sınav hazırlık ve özel ders seçenekleriyle esnek eğitim",İtalyanca Kurs Programı,74
https://www.dunyadillerimerkezi.com/ingilizce-kurslari/universite-ingilizce-kursu.html,200,Üniversite Hazırlık İngilizcesi,"Üniversite hazırlık İngilizcesi; akademik dil eğitimi, sınav hazırlık, essay writing ve konuşma pratiğiyle üniversiteye geçiş desteği.",Üniversite Hazırlık İngilizcesi,302
https://www.dunyadillerimerkezi.com/sinav-hazirlik-egitimleri/toefl-kursu/toefl-kursu-2.html,200,TOEFL Kurs Programı | Dünya Dilleri Merkezi,"TOEFL Kurs Programları
“TOEFL kurs programları; sınav stratejileri, pratik testler, online ve yüz yüze eğitim seçenekleriyle kısa sürede etkili hazırlık",TOEFL Kurs Programı,102
https://www.dunyadillerimerkezi.com/yabanci-dil-egitimleri/rusca-kursu/kadikoy-subesi-rusca-kurs-tarihi.html,200,Kadıköy Şubesi Rusça Kurs Tarihi,"Kadıköy Rusça kursu tarihleri: güncel başlangıç tarihleri, sınav hazırlık programları, ders içerikleri ve kayıt koşulları hakkında detaylı bilgi.",Rusça Kursu Kadıköy Ders Programı,200
https://www.dunyadillerimerkezi.com/yabanci-dil-egitimleri/almanca-kursu/almanca-ozel-ders.html,200,Almanca Özel Ders Birebir Kurs Programları| Dünya Dilleri Merkezi,"Almanca özel ders birebir kurs programları; başlangıçtan ileri seviyeye, konuşma pratiği, sınav hazırlık ve özel ders seçenekleriyle esnek eğitim",Almanca Özel Ders Birebir Kurs Programları,175
https://www.dunyadillerimerkezi.com/star-media.html,200,Star Media Web Tasarım Profesyonel web siteleri,"Star Media Web Tasarım Profesyonel web siteleri oluşturun, mevcut web sitelerini yeniden tasarlayın. Web tasarımı Fiyatlar.. Mobil cihazlara adaptasyon",Star Media Web Tasarım Profesyonel web siteleri,136
https://www.dunyadillerimerkezi.com/yabanci-dil-egitimleri/ingilizce-kursu/ingilizce-egitim-sistemi.html,200,İngilizce Eğitim Sistemi | Dünya Dilleri Merkezi,"İngilizce kurs seviyeleri hakkında detaylı bilgi: Kadıköy, Bağdat Caddesi, Levent–Etiler ve Ataşehir şubelerinde başlangıçtan ileriye tüm seviyelerde İngilizce programları, ders içerikleri ve kayıt koşulları",Dünya Dilleri Merkezi İngilizce Eğitim Sistemi,527
https://www.dunyadillerimerkezi.com/ogrenci-yorumlari/407-sat-kursu-ogrenci-yorumlari-salih.html,200,Salih Taysi,Öğrenci yorumları mail formunu kullanarak sitemize içerik yazınızı gönderebilirsiniz.,Salih Taysi,175
https://www.dunyadillerimerkezi.com/sinav-hazirlik-egitimleri/gmat-kursu.html?view=article&id=320:bagdat-caddesi-kurs-tarihi&catid=39,200,Bağdat Caddesi Şubesi GMAT Kurs Tarihi,"Bağdat Caddesi GMAT kursu tarihleri: başlangıçtan ileriye tüm hazırlık programları, ders içerikleri ve kayıt bilgileri",,191
https://www.dunyadillerimerkezi.com/sinav-hazirlik-egitimleri/testdaf-kursu.html,200,TESTDAF Kursu,"TESTDAF kursu; Almanca sınav hazırlık, pratik testler, online ve yüz yüze eğitim seçenekleriyle kapsamlı programlar.",TESTDAF Kursu,281
https://www.dunyadillerimerkezi.com/yabanci-dil-egitimleri/italyanca-kursu/besiktas-subesi-italyanca-kurs-tarihi.html,200,Etiler Şubesi İtalyanca Kurs Tarihi,"Levent–Etiler İtalyanca kursu tarihleri: güncel kurs başlangıç tarihleri, eğitim programları, ders içerikleri ve kayıt koşulları hakkında detaylı bilgi.",İtalyanca Kursu Etiler Ders Programı,229
https://www.dunyadillerimerkezi.com/sinav-hazirlik-egitimleri/gmat-kursu.html?view=article&id=319:kadikoy-merkez-kurs-tarihi&catid=39,200,Kadıköy Şubesi GMAT Kurs Tarihi,"Kadıköy GMAT kursu tarihleri hakkında detaylı bilgi: sınav hazırlık programları, ders içerikleri ve kayıt koşulları",,184
https://www.dunyadillerimerkezi.com/sinav-hazirlik-egitimleri/proficiency-kursu.html?view=article&id=305:levent-kurs-tarihi-4&catid=35,200,Etiler Şubesi PROFICIENCY Kurs Tarihi,"Levent–Etiler Proficiency kursu tarihleri: sınav hazırlık programları, ders içerikleri ve kayıt koşulları hakkında detaylı bilgi.",PROFICIENCY Kursu Etiler Ders Programı,228
https://www.dunyadillerimerkezi.com/ogrenci-yorumlari/397-gorkem-yaldiz.html,200,Görkem Yaldız,"Öğrencimiz Görkem Yaldız', almış olduğu dil eğitimi hakkında görüşlerini bizlerle paylaştı.",Görkem Yaldız,66
https://www.dunyadillerimerkezi.com/sinav-hazirlik-egitimleri/gmat-kursu/gmat-nedir.html,200,GMAT Nedir ?,"GMAT sınavı hakkında detaylı bilgi: Kadıköy, Bağdat Caddesi, Levent–Etiler ve Ataşehir şubelerinde GMAT hazırlık kursları, program içerikleri ve kayıt bilgileri",GMAT Nedir ?,161
https://www.dunyadillerimerkezi.com/yabanci-dil-egitimleri/fransizca-kursu/atasehir-subesi-fransizca-kurs-tarihi.html,200,Ataşehir Şubesi Fransızca Kurs Tarihi,"Kadıköy, Levent, Etiler, Ataşehir, Bağdat Caddesi ve Ümraniye şubelerinde Türk ve Fransız öğretmenlerle yüz yüze ve online Fransızca Kurs Tarihi",Fransızca Kursu Ataşehir Ders Programı,255
https://www.dunyadillerimerkezi.com/sinav-hazirlik-egitimleri/proficiency-kursu/proficiency-sinavi.html,200,Proficiency Sınavı,"Proficiency sınavı hazırlık kursu; üniversite hazırlık, sınav teknikleri, pratik testler, online ve yüz yüze eğitim seçenekleriyle başarı odaklı programlar",,86
https://www.dunyadillerimerkezi.com/yabanci-dil-egitimleri/ispanyolca-kursu/ispanyolca-ozel-ders.html,200,İspanyolca Özel Ders Birebir Kurs Programları,"İspanyolca özel ders birebir kurs programları; başlangıçtan ileri seviyeye, konuşma pratiği, sınav hazırlık ve özel ders seçenekleriyle esnek eğitim",İspanyolca Özel Ders Birebir Kurs Programları,179
https://www.dunyadillerimerkezi.com/ddm-iletisim/4-atasehir.html,200,Dünya Dilleri Merkezi Ataşehir Şubesi - İletişim - Adres - Yol Tarifi,Dünya Dilleri Merkezi Ataşehir Şubesi İletişim Adres Bilgileri.,,1302
https://www.dunyadillerimerkezi.com/sinav-hazirlik-egitimleri/toeic-kursu/toeic-ozel-ders.html,200,TOEIC Özel Ders Birebir Kurs Programları | Dünya Dilleri Merkezi,"TOEIC özel ders birebir kurs programları; sınav teknikleri, pratik testler, online ve yüz yüze eğitim seçenekleriyle profesyonel hazırlık",TOEIC Özel Ders Birebir Kurs Programları,178
https://www.dunyadillerimerkezi.com/component/tags/tag/almanca-kursu.html,200,Dil Kursları - İngilizce - Almanca - Fransızca - İspanyolca - İtalyanca - Rusça - Flemenkçe - Türkçe,"Kadıköy, Levent, Etiler, Ataşehir, Bağdat Caddesi ve Ümraniye şubelerinde İngilizce, Almanca, Fransızca, Rusça, İspanyolca, İtalyanca, Çince ve Türkçe kursları.",,21
https://www.dunyadillerimerkezi.com/sinav-hazirlik-egitimleri/gmat-kursu.html?view=article&id=322:atasehir-kurs-tarihleri&catid=39,200,Ataşehir Şubesi GMAT Kurs Tarihi,"Ataşehir GMAT kursu tarihleri: tüm sınav hazırlık programları, ders içerikleri ve kayıt bilgileri.",GMAT Kursu Ataşehir Ders Programı,184
https://www.dunyadillerimerkezi.com/ogrenci-yorumlari/400-almanca-ogrencisi-bengisu-akin.html,200,Bengisu AKIN,Almanca Öğrencimiz Bengisu Akın'ın eğitimi hakkında düşünceleri.,Bengisu AKIN,114
https://www.dunyadillerimerkezi.com/sinav-hazirlik-egitimleri/sat-kursu/atasehir-subesi-sat-kurs-tarihi.html,200,Ataşehir Şubesi SAT Kurs Tarihi - DDM / Dünya Dilleri Merkezi,"Ataşehir SAT kursu tarihleri: tüm sınav hazırlık programları, ders içerikleri ve kayıt bilgileri",,190
https://www.dunyadillerimerkezi.com/ogrenci-yorumlari/416-ielts-%C3%B6%C4%9Frenci-yorumlar%C4%B1-taylan-odaba%C5%9F%C4%B1.html,200,Taylan ODABAŞI,IELTS sınavı hazırlık öğrencimiz Taylan Odabaşı'nın almış olduğu eğitimle ilğili yorumları.,Taylan ODABAŞI,22
https://www.dunyadillerimerkezi.com/sinav-hazirlik-egitimleri/toeic-kursu/kadikoy-subesi-toeic-kurs-tarihi.html,200,Kadıköy Şubesi TOEIC Kurs Tarihi,"Kadıköy TOEIC kursu tarihleri hakkında detaylı bilgi: sınav hazırlık programları, ders içerikleri ve kayıt koşulları.",TOEIC Kursu Kadıköy Ders Programı,202
https://www.dunyadillerimerkezi.com/ogrenci-yorumlari/366-serhat-kisakurek.html,200,Serhat,Öğrencimiz Serhat Kısakürek almış olduğu TOEFL eğitimi hakkında genel düşüncelerini bizimle paylaştı.,Serhat,81
https://www.dunyadillerimerkezi.com/sinav-hazirlik-egitimleri/gmat-kursu/atasehir-subesi-gmat-kurs-tarihi.html,200,Ataşehir Şubesi GMAT Kurs Tarihi,"Ataşehir GMAT kursu tarihleri: tüm sınav hazırlık programları, ders içerikleri ve kayıt bilgileri.",GMAT Kursu Ataşehir Ders Programı,184
https://www.dunyadillerimerkezi.com/yabanci-dil-egitimleri/ispanyolca-kursu/atasehir-subesi-ispanyolca-kurs-tarihi.html,200,Ataşehir Şubesi İspanyolca Kurs Tarihi,"Ataşehir İspanyolca kursu tarihleri: yeni dönem başlangıç tarihleri, tüm eğitim programları, ders içerikleri ve kayıt bilgileri",İspanyolca Kursu Ataşehir Ders Programı,228
https://www.dunyadillerimerkezi.com/diger-program/ozel-dersler.html?view=article&id=373:rusca-ozel-ders&catid=48,200,Rusça Özel Ders Birebir Kurs Programları,"Rusça özel ders birebir kurs programları; başlangıçtan ileri seviyeye, konuşma pratiği, sınav hazırlık ve özel ders seçenekleriyle esnek eğitim",Rusça Özel Ders Birebir Kurs Programları,154
https://www.dunyadillerimerkezi.com/yabanci-dil-egitimleri/cince-kursu/cince-kursu-2.html,200,Çince Kurs Programı| Dünya Dilleri Merkezi,"Çince kurs programları; başlangıçtan ileri seviyeye, konuşma pratiği, sınav hazırlık ve özel ders seçenekleriyle esnek eğitim.",Çince Kurs Programı,74
https://www.dunyadillerimerkezi.com/diger-program/ozel-dersler.html?view=article&id=376:toefl-ozel-ders&catid=48,200,TOEFL Özel Ders Birebir Kurs Programları,"TOEFL özel ders birebir kurs programları; sınav stratejileri, pratik testler, online ve yüz yüze eğitim seçenekleriyle kısa sürede etkili hazırlık.",TOEFL Özel Ders Birebir Kurs Programları,176
https://www.dunyadillerimerkezi.com/sinav-hazirlik-egitimleri/toeic-kursu.html,200,TOEIC Kursu Sınav Hazırlık Eğitimi Fiyatları | Dünya Dilleri Merkezi,"TOEIC nedir sorusuna yanıt: Kadıköy, Bağdat Caddesi, Levent–Etiler ve Ataşehir şubelerinde TOEIC sınavı hakkında detaylı bilgi, kurs tarihleri ve hazırlık programları.",TOEIC Kursu Sınav Hazırlık Eğitimi Fiyatları,796
https://www.dunyadillerimerkezi.com/diger-program/online-dil-egitimi.html,200,Online Dil Eğitimi,"Online dil eğitimi; İngilizce, Almanca, Fransızca, İspanyolca, Rusça ve İtalyanca kurslarıyla esnek, modern ve erişilebilir programlar.",Online Dil Eğitimi ve Sınav Hazırlık,149
https://www.dunyadillerimerkezi.com/sinav-hazirlik-egitimleri/toeic-kursu.html?view=article&id=298:atasehir-kurs-tarihleri&catid=33,200,Ataşehir Şubesi TOEIC Kurs Tarihi,"Ataşehir TOEIC kursu tarihleri: tüm sınav hazırlık programları, ders içerikleri ve kayıt bilgileri",TOEIC Kursu Ataşehir Ders Programı,203
https://www.dunyadillerimerkezi.com/yabanci-dil-egitimleri/ispanyolca-kursu/online-ispanyolca-egitimi.html,200,Online İspanyolca Eğitimi,"Online İspanyolca eğitimi; başlangıçtan ileri seviyeye, konuşma pratiği, sınav hazırlık ve özel ders seçenekleriyle esnek programlar",Online İspanyolca Eğitimi Dil Kursu,93
https://www.dunyadillerimerkezi.com/sinav-hazirlik-egitimleri/toeic-kursu.html?view=article&id=297:levent-kurs-tarihi-4&catid=33,200,Etiler Şubesi TOEIC Kurs Tarihi,"Levent–Etiler TOEIC kursu tarihleri: sınav hazırlık programları, ders içerikleri ve kayıt koşulları hakkında detaylı bilgi.",TOEIC Kursu Etiler Ders Programı,200
https://www.dunyadillerimerkezi.com/yabanci-dil-egitimleri/almanca-kursu/besiktas-subesi-almanca-kurs-tarihi.html,200,Etiler Şubesi Almanca Kurs Tarihi,"Levent–Etiler Almanca kursu tarihleri: güncel kurs başlangıç tarihleri, eğitim programları, ders içerikleri ve kayıt koşulları hakkında detaylı bilgi.",Almanca Kursu Etiler Ders Programı,248
https://www.dunyadillerimerkezi.com/sinav-hazirlik-egitimleri/aile-birlesimi-egitimi/bagdat-caddesi-subesi-aile-birlesimi-kurs-tarihi.html,200,"Bağdat Caddesi Şubesi Almanca Aile Birleşimi Kurs Tarihi  - Dünya Dilleri Merkezi, Aile Birleşimi Almanca Sınavı, Aile Birleşimi Vizesi Başvurusu, Almanca Aile Birleşimi Kursu, Aile Birleşimi A1 Sınavı Ücreti","Bağdat Caddesi Almanca Aile Birleşimi kursu tarihleri: başlangıçtan ileriye tüm hazırlık programları, ders içerikleri ve kayıt bilgileri.",,215
https://www.dunyadillerimerkezi.com/ogrenci-yorumlari/365-pelin-tanriverdi.html,200,Pelin Tanverdi,Öğrencimiz Pelin Tanverdi almış olduğu sınav hazırlık eğitimi hakkında genel düşüncelerini bizimle paylaştı.,Pelin Tanverdi,35
https://www.dunyadillerimerkezi.com/yabanci-dil-egitimleri/almanca-kursu/almanca-konusma-kurslari.html,200,Almanca Konuşma Kursu Ders Programı| Dünya Dilleri Merkezi,"Almanca konuşma kursları; başlangıçtan ileri seviyeye, pratik konuşma, sınav hazırlık ve özel ders seçenekleriyle esnek eğitim programları.",Almanca Konuşma Kursu Ders Programı,256
https://www.dunyadillerimerkezi.com/sinav-hazirlik-egitimleri/proficiency-kursu/dogus-universitesi.html,200,Doğuş Üniversitesi DÜİYES Proficiency Hazırlık Atlama Sınavı Kursu,"Doğuş Üniversitesi hazırlık atlama DÜİYES sınavı öğrencilerine özel reading, writing, listening becerisini geliştirmeye yönelik eğitimler.",,347
https://www.dunyadillerimerkezi.com/duyurular/22-pearson-pte-kursu.html,200,PEARSON PTE Kursları,"Pearson PTE kursları; sınav stratejileri, pratik testler, online ve yüz yüze eğitim seçenekleriyle hızlı ve etkili hazırlık",PEARSON PTE Kursları,20
https://www.dunyadillerimerkezi.com/sinav-hazirlik-egitimleri/academic-pte/pte-akademik-ozel-ders.html,200,PTE Akademik Özel Ders,"PTE Akademik özel ders; sınav stratejileri, pratik testler, online ve yüz yüze eğitim seçenekleriyle hızlı ve etkili hazırlık.",PTE Akademik Özel Ders,182
https://www.dunyadillerimerkezi.com/ingilizce-kurslari/ingilizce-konusma-kursu.html,200,İngilizce Speaking Konuşma Kursu,"İngilizce konuşma kursu hakkında detaylı bilgi: 5 şubemizde pratik konuşma odaklı İngilizce dersleri, küçük gruplar ve birebir eğitim seçenekleri.",İngilizce Konuşma Kursu ve Eğitim Fiyatları,272
https://www.dunyadillerimerkezi.com/kadikoy-tanitim-sayfasi.html,200,Kadıköy Merkez Tanıtım Sayfası,Dünya Dilleri Merkezi Kadıköy Merkez Şubesi,,1912
https://www.dunyadillerimerkezi.com/yabanci-dil-egitimleri/rusca-kursu.html,200,Rusça Kursu Dil Eğitim Sistemi ve Fiyatları | Dünya Dilleri Merkezi,"Rusça kursu hakkında detaylı bilgi: 5 şubemizde başlangıçtan ileriye tüm seviyelerde Rusça programları, ders içerikleri ve kayıt koşulları",Rusça Kursu Dil Eğitim Sistemi ve Fiyatları,623
https://www.dunyadillerimerkezi.com/sinav-hazirlik-egitimleri/proficiency-kursu/bagdat-caddesi-proficiency-subesi-kurs-tarihi.html,200,Bağdat Caddesi Şubesi PROFICIENCY Kurs Tarihi,"Bağdat Caddesi Proficiency kursu tarihleri: başlangıçtan ileriye tüm hazırlık programları, ders içerikleri ve kayıt bilgileri.",PROFICIENCY Kursu Bağdat Caddesi Ders Programı,235
https://www.dunyadillerimerkezi.com/sinav-hazirlik-egitimleri/gmat-kursu/besiktas-subesi-gmat-kurs-tarihi.html,200,Etiler Şubesi GMAT Kurs Tarihi,"Levent–Etiler GMAT kursu tarihleri: sınav hazırlık programları, ders içerikleri ve kayıt koşulları hakkında detaylı bilgi.",GMAT Kursu Etiler Ders Programı,184
https://www.dunyadillerimerkezi.com/ogrenci-yorumlari/19-onur-saygin-ogrenci-yorum.html,200,Onur Saygın,Öğrencimiz Onur Saygın almış olduğu dil eğitimi hakkında genel değerlendirme ve düşüncelerini bizlerle paylaştı.,Onur Saygın,50
https://www.dunyadillerimerkezi.com/ingilizce-kurslari/ilkogretim-ingilizce-kursu.html,200,İlköğretim İngilizcesi,"İlköğretim İngilizcesi programları; çocuklara yönelik temel dil eğitimi, konuşma pratiği, oyunlarla öğrenme ve özel ders seçenekleri.",İlköğretim İngilizcesi Kursu Ders Programı,397
https://www.dunyadillerimerkezi.com/ingilizce-kurslari/upper-intermediate-ingilizce-kursu.html,200,Upper-Intermediate İngilizce Kursu,"Upper-Intermediate İngilizce kursu; ileri orta seviyede dil eğitimi, konuşma pratiği, sınav hazırlık ve özel ders seçenekleriyle esnek programlar",Upper-Intermediate İngilizce Kursu | İleri Seviye B2,468
https://www.dunyadillerimerkezi.com/sinav-hazirlik-egitimleri/ielts-kursu.html,200,IELTS Kursu Sınav Hazırlık Dersleri Eğitim Fiyatları | Dünya Dilleri Merkezi,"IELTS Kursu sınav hazırlık eğitiminde writing, reading, listening ve speaking dersleriyle akademik ve UKVI öğrencilerimize başarı garantili eğitim sunuyoruz.",IELTS Kursu Sınav Hazırlık Dersleri Eğitim Fiyatları,819
https://www.dunyadillerimerkezi.com/sinav-hazirlik-egitimleri/gre-kursu/gre-ozel-ders.html,200,GRE Özel Ders Birebir Kurs Programları,"GRE özel ders birebir kurs programları; sınav teknikleri, pratik testler, online ve yüz yüze eğitim seçenekleriyle kapsamlı hazırlık.",GRE Özel Ders Birebir Kurs Programları,164
https://www.dunyadillerimerkezi.com/yabanci-dil-egitimleri/almanca-kursu/almanca-konusma-kurslari.html?view=article&id=67:almanca-egitim-seviyeleri&catid=18,200,Almanca Eğitim Seviyeleri,"Almanca kursu seviyeleri hakkında detaylı bilgi: Kadıköy, Bağdat Caddesi, Levent–Etiler ve Ataşehir şubelerinde başlangıçtan ileriye tüm seviyelerde kurs programları, ders içerikleri ve kayıt koşulları.",,592
https://www.dunyadillerimerkezi.com/sinav-hazirlik-egitimleri/gmat-kursu.html?view=article&id=383:gmat-ozel-ders&catid=48,200,GMAT Özel Ders Birebir Kurs Programları,"GMAT özel ders birebir kurs programları; sınav stratejileri, pratik testler, online ve yüz yüze eğitim seçenekleriyle profesyonel hazırlık",,165
https://www.dunyadillerimerkezi.com/sinav-hazirlik-egitimleri/toeic-kursu.html?view=article&id=296:bagdat-caddesi-kurs-tarihi&catid=33,200,Bağdat Caddesi Şubesi TOEIC Kurs Tarihi,"Bağdat Caddesi TOEIC kursu tarihleri: başlangıçtan ileriye tüm hazırlık programları, ders içerikleri ve kayıt bilgileri.",TOEIC Kursu Bağdat Caddesi Ders Programı,203
https://www.dunyadillerimerkezi.com/sinav-hazirlik-egitimleri/sat-kursu.html,200,SAT Kursu,"SAT kursu hakkında detaylı bilgi: Kadıköy, Bağdat Caddesi, Levent–Etiler ve Ataşehir şubelerinde sınav hazırlık programları, kurs tarihleri ve kayıt koşullar",SAT Kursu Sınav Hazırlık Dersleri Eğitim Fiyatları,2595
https://www.dunyadillerimerkezi.com/diger-program/ozel-dersler.html?view=article&id=375:turkce-ozel-ders&catid=48,200,Yabancılar İçin Türkçe Özel Ders,"Yabancılar için Türkçe özel ders; birebir eğitim, konuşma pratiği, sınav hazırlık ve online seçeneklerle esnek programlar.",Yabancılar İçin Türkçe Özel Ders,107
https://www.dunyadillerimerkezi.com/yabanci-dil-egitimleri/cince-kursu/cince-ogrenmek-zor-mu.html,200,Neden Çince Öğrenmelisiniz?| Dünya Dilleri Merkezi,"Çince öğrenmek zor mu? Kadıköy, Bağdat Caddesi, Levent–Etiler ve Ataşehir şubelerinde Çince kurslarıyla kolay öğrenme yöntemleri, sınav hazırlıkları ve kayıt bilgileri.",Neden Çince Öğrenmelisiniz?,215
https://www.dunyadillerimerkezi.com/yabanci-dil-egitimleri/cince-kursu/bagdat-caddesi-subesi-cince-kurs-tarihi.html,200,Bağdat Caddesi Şubesi Çince Kurs Tarihi,"Bağdat Caddesi Çince kursu tarihleri: başlangıçtan ileriye tüm eğitim programları, ders içerikleri ve kayıt bilgileri.",Çince Kursu Bağdat Caddesi Ders Programı,204
https://www.dunyadillerimerkezi.com/sinav-hazirlik-egitimleri/proficiency-kursu/maltepe-universitesi.html,200,Maltepe Üniversitesi Hazırlık Atlama Sınavı Kursu,"Maltepe Üniversitesi hazırlık atlama sınavına girecek öğrencilere özel dilbilgisi, reading, writing, listening becerisini geliştirmeye yönelik eğitimler.",,136
https://www.dunyadillerimerkezi.com/acibadem-universitesi.html,200,Acıbadem Üniversitesi Proficiency Sınavı Hazırlık Atlama Kursu,"Acıbadem Üniversitesi AYES hazırlık atlama sınavına yönelik dilbilgisi, gramer, konuşma ve anlama becerisini geliştirme eğitimleri.",,290
https://www.dunyadillerimerkezi.com/sinav-hazirlik-egitimleri/aile-birlesimi-egitimi/kadikoy-subesi-aile-birlesimi-kurs-tarihi.html,200,"Kadıköy Şubesi Almanca Aile Birleşimi Kurs Tarihi  - Dünya Dilleri Merkezi, Aile Birleşimi Almanca Sınavı, Aile Birleşimi Vizesi Başvurusu, Almanca Aile Birleşimi Kursu, Aile Birleşimi A1 Sınavı Ücreti","Kadıköy Almanca Aile Birleşimi kursu tarihleri hakkında detaylı bilgi: sınav hazırlık programları, ders içerikleri ve kayıt koşulları.",,208
https://www.dunyadillerimerkezi.com/yabanci-dil-egitimleri/fransizca-kursu/online-fransizca-egitimi.html,200,Online Fransızca Eğitimi Dil Kursu| Dünya Dilleri Merkezi,"Online Fransızca eğitimi; başlangıçtan ileri seviyeye, konuşma pratiği, sınav hazırlık ve özel ders seçenekleriyle esnek programlar",Online Fransızca Eğitimi Dil Kursu,93
https://www.dunyadillerimerkezi.com/yabanci-dil-egitimleri/yabancila-icin-turkce-kurs/yabancila-icin-turkce-kurs-2.html,200,Türkçe Kurs Programı | Dünya Dilleri Merkezi,"Türkçe programları; yabancılar için Türkçe eğitimi, konuşma pratiği, sınav hazırlık ve özel ders seçenekleriyle esnek programlar.",Türkçe Kurs Programı,74
https://www.dunyadillerimerkezi.com/sinav-hazirlik-egitimleri/ielts-kursu/ielts-ozel-ders.html,200,IELTS Özel Ders Birebir Kurs Programları | Dünya Dilleri Merkezi,"IELTS özel ders birebir kurs programları; sınav stratejileri, pratik testler, online ve yüz yüze eğitim seçenekleriyle kısa sürede etkili hazırlık",IELTS Özel Ders Birebir Kurs Programları,137
https://www.dunyadillerimerkezi.com/atasehir-tanitim-sayfasi.html,200,Ataşehir Şubesi Tanıtım Sayfası,Dünya Dilleri Merkezi Ataşehir Şubesi,,1582
https://www.dunyadillerimerkezi.com/yabanci-dil-egitimleri/ispanyolca-kursu/bagdat-caddesi-subesi-ispanyolca-kurs-tarihi.html,200,Bağdat Caddesi Şubesi İspanyolca Kurs Tarihi,"Bağdat Caddesi İspanyolca kursu tarihleri: yeni dönem başlangıç tarihleri, tüm seviyelerde eğitim programları, ders içerikleri ve kayıt bilgileri.",İspanyolca Kursu Bağdat Caddesi Ders Programı,210
https://www.dunyadillerimerkezi.com/sinav-hazirlik-egitimleri/proficiency-kursu/suleymansah-universitesi.html,200,Süleyman Şah Üniversitesi Proficiency Hazırlık Atlama Sınavı Kursu,"Süleyman Şah Üniversitesi hazırlık atlama sınavı öğrencilerine özel reading, writing, speaking, listening, dilbilgisi becerisini geliştirmeye yönelik eğitimler.",,207
https://www.dunyadillerimerkezi.com/sinav-hazirlik-egitimleri/sat-kursu/besiktas-subesi-sat-kurs-tarihi.html,200,Beşiktaş Şubesi SAT Kurs Tarihi - DDM / Dünya Dilleri Merkezi,"Levent–Etiler SAT kursu tarihleri: sınav hazırlık programları, ders içerikleri ve kayıt koşulları hakkında detaylı bilgi.",,190
https://www.dunyadillerimerkezi.com/yabanci-dil-egitimleri/ingilizce-kursu/ingilizce-ozel-ders.html,200,İngilizce Özel Ders Birebir Kurs Programları | Dünya Dilleri Merkezi,"İngilizce özel ders birebir kurs programları; başlangıçtan ileri seviyeye, konuşma pratiği, sınav hazırlık ve özel ders seçenekleriyle esnek eğitim",İngilizce Özel Ders Birebir Kurs Programları,182
https://www.dunyadillerimerkezi.com/yabanci-dil-egitimleri/ingilizce-kursu/online-ingilizce-egitimi.html,200,Online İngilizce Dil Eğitimi,"Online İngilizce eğitimi; başlangıçtan ileri seviyeye, konuşma pratiği, sınav hazırlık ve özel ders seçenekleriyle esnek programlar.",Online İngilizce Eğitimi Dil Kursu,93
https://www.dunyadillerimerkezi.com/sinav-hazirlik-egitimleri/proficiency-kursu.html?view=article&id=136:proficiency-nedir&catid=35,200,Proficiency Nedir ?,"Proficiency sınavı hakkında detaylı bilgi: Kadıköy, Bağdat Caddesi, Levent–Etiler ve Ataşehir şubelerinde hazırlık kursları, program içerikleri ve kayıt bilgileri.",Proficiency Nedir?,152
https://www.dunyadillerimerkezi.com/ogrenci-yorumlari/447-alihan-yoruk.html,200,Alihan Furkan YÖRÜK,Öğrenci yorumları mail formunu kullanarak sitemize içerik yazınızı gönderebilirsiniz.,Alihan Furkan YÖRÜK,29
https://www.dunyadillerimerkezi.com/ogrenci-yorumlari/393-ogrenci-ielts.html,200,Cemal Uçar,IELTS öğrencimizden gelen genel düşünce mektupları.,Cemal Uçar,55
https://www.dunyadillerimerkezi.com/ingilizce-kurslari.html,200,İngilizce Kursu Dil Eğitim Sistemi | Dünya Dilleri Merkezi,"Kadıköy, Levent, Etiler, Ataşehir, Bağdat Caddesi ve Ümraniye şubelerinde Türk ve yabancı öğretmenlerle yüz yüze ve online İngilizce kursları",Advanced İngilizce C1 Kursu | İleri Seviye C1,715
https://www.dunyadillerimerkezi.com/sinav-hazirlik-egitimleri/sat-kursu.html?view=article&id=318:atasehir-kurs-tarihleri&catid=38,200,Ataşehir Şubesi SAT Kurs Tarihi,"Ataşehir SAT kursu tarihleri: tüm sınav hazırlık programları, ders içerikleri ve kayıt bilgileri",,190
https://www.dunyadillerimerkezi.com/sinav-hazirlik-egitimleri/sat-kursu.html?view=article&id=315:kadikoy-merkez-kurs-tarihi&catid=38,200,Kadıköy Şubesi SAT Kurs Tarihi,"Kadıköy SAT kursu tarihleri hakkında detaylı bilgi: sınav hazırlık programları, ders içerikleri ve kayıt koşulları.",,191
https://www.dunyadillerimerkezi.com/sinav-hazirlik-egitimleri/aile-birlesimi-egitimi/a1-sinav-ornegi.html,200,"Almanca Aile Birleşimi A1 Sınav Örneği - Dünya Dilleri Merkezi, Aile Birleşimi Almanca Sınavı, Aile Birleşimi Vizesi Başvurusu, Almanca Aile Birleşimi Kursu, Aile Birleşimi A1 Sınavı Ücreti","Aile Birleşimi eğitimi sınav örneği: Kadıköy, Bağdat Caddesi, Levent–Etiler ve Ataşehir şubelerinde Almanca A1 kurslarında sınav pratikleri, program içerikleri ve kayıt bilgileri.”",,231
https://www.dunyadillerimerkezi.com/sinav-hazirlik-egitimleri.html,200,Sınav Hazırlık Kursları  | Dünya Dilleri Merkezi,"Kadıköy, Levent, Etiler, Ataşehir, Kadıköy, Levent, Etiler, Ataşehir, Bağdat Caddesi ve Ümraniye şubelerinde TOEFL, IELTS, YDS ve diğer sınavlara yönelik yüz yüze ve online hazırlBağdat Caddesi ve Ümraniye şubelerinde TOEFL, IELTS, YDS ve diğer sınavlara yönelik yüz yüze ve online hazırlık kursları.",,214
https://www.dunyadillerimerkezi.com/sinav-hazirlik-egitimleri/proficiency-kursu.html?view=article&id=380:proficiency-ozel-ders&catid=48,200,Proficiency Özel Ders Birebir Kurs Programları,"Proficiency özel ders birebir kurs programları; üniversite hazırlık, sınav teknikleri, online ve yüz yüze eğitim seçenekleriyle başarı odaklı dersler.",Proficiency Özel Ders Birebir Kurs Programları,139
https://www.dunyadillerimerkezi.com/ogrenci-yorumlari.html?start=36,200,Öğrenci Yorumları,Öğrenci yorumları mail formunu kullanarak sitemize içerik yazınızı gönderebilirsiniz.,,423
https://www.dunyadillerimerkezi.com/sinav-hazirlik-egitimleri/proficiency-kursu/koc-universitesi.html,200,Koç Üniversitesi KUEPE Proficiency Hazırlık Atlama Sınavı Kursu,"Koç Üniversitesi hazırlık atlama sınavı öğrencilerine özel reading, writing, speaking, listening, dilbilgisi becerisini geliştirmeye yönelik eğitimler.",Koç Üniversitesi KUEPE Kursu,293
https://www.dunyadillerimerkezi.com/sinav-hazirlik-egitimleri/gmat-kursu/kadikoy-subesi-gmat-kurs-tarihi.html,200,Kadıköy Şubesi GMAT Kurs Tarihi - İstanbul - DDM / Dünya Dilleri Merkezi,"Kadıköy GMAT kursu tarihleri hakkında detaylı bilgi: sınav hazırlık programları, ders içerikleri ve kayıt koşulları",,184
https://www.dunyadillerimerkezi.com/yabanci-dil-egitimleri/ispanyolca-kursu/kadikoy-subesi-ispanyolca-kurs-tarihi.html,200,Kadıköy Şubesi İspanyolca Kurs Tarihi,"Kadıköy İspanyolca kursu tarihleri: güncel başlangıç tarihleri, sınav hazırlık programları, ders içerikleri ve kayıt koşulları hakkında detaylı bilgi",İspanyolca Kursu Kadıköy Ders Programı,202
https://www.dunyadillerimerkezi.com/duyurular/391-ddm-kar-tatili.html,200,DDM Kar Tatilinde,Dünya Dilleri Merkezi duyuru ve haber paylaşımlarını takip ederek bilgi alabilirsiniz.,DDM Kar Tatilinde,17
https://www.dunyadillerimerkezi.com/yabanci-dil-egitimleri/yabancila-icin-turkce-kurs/bagdat-caddesi-subesi-turkce-kurs-tarihi.html,200,Bağdat Caddesi Şubesi Türkçe Kurs Tarihi,"Bağdat Caddesi şubemizde yabancılar için Türkçe kurs tarihleri ve eğitim planı; küçük gruplar ve birebir dersler, yüz yüze ve online formatta.",Türkçe Kursu Bağdat Caddesi Ders Programı,271
https://www.dunyadillerimerkezi.com/yabanci-dil-egitimleri/almanca-kursu/atasehir-subesi-almanca-kurs-tarihi.html,200,Ataşehir Şubesi Almanca Kurs Tarihi,"Ataşehir Almanca kursu tarihleri: yeni dönem başlangıç tarihleri, tüm eğitim programları, ders içerikleri ve kayıt bilgileri.",Almanca Kursu Ataşehir Ders Programı,216
https://www.dunyadillerimerkezi.com/yabanci-dil-egitimleri/ingilizce-konusma-kursu/atasehir-subesi-ingilizce-konusma-kurs-tarihi.html,200,Ataşehir Şubesi İngilizce Konuşma Kurs Tarihi,"Ataşehir İngilizce konuşma kursu tarihleri: yeni dönem başlangıç tarihleri, pratik konuşma odaklı eğitim programları, ders içerikleri ve kayıt bilgileri",İngilizce Konuşma Kursu Ataşehir Ders Programı,215
https://www.dunyadillerimerkezi.com/bogazici-universitesi.html,200,Boğaziçi Üniversitesi BUEPT Proficiency Sınavı Hazırlık Atlama Kursu,"Buept, Hazırlık atlama sınavı Okuma, dinleme, anlama ve akademik düzeyde kompozisyon yazabilme becerisini geliştirmeye yönelik eğitimler düzenlemekteyiz.",,543
https://www.dunyadillerimerkezi.com/diger-program/ozel-dersler.html,200,Yabancı Dil Özel Ders Programları,"Yabancı dil özel ders programları; İngilizce, Almanca, Fransızca, İspanyolca, Rusça ve diğer dillerde birebir eğitim ve sınav hazırlık desteği",Yabancı Dil Özel Ders Programları,330
https://www.dunyadillerimerkezi.com/ogrenci-yorumlari.html?start=32,200,Öğrenci Yorumları,Öğrenci yorumları mail formunu kullanarak sitemize içerik yazınızı gönderebilirsiniz.,,216
https://www.dunyadillerimerkezi.com/sinav-hazirlik-egitimleri/toeic-kursu/toeic-nedir.html,200,TOEIC Nedir? | Dünya Dilleri Merkezi,"Kadıköy, Bağdat Caddesi, Levent–Etiler ve Ataşehir şubelerinde TOEIC kursları; Türk ve yabancı öğretmenlerle küçük gruplar, yüz yüze ve online sınav hazırlık programları.",TOEIC Nedir?,222
https://www.dunyadillerimerkezi.com/sinav-hazirlik-egitimleri/gmat-kursu/gmat-kursu-2.html,200,GMAT Kurs Programı | DDM | Dünya Dilleri Merkezi,"GMAT kurs programı; sınav teknikleri, pratik testler, online ve yüz yüze eğitim seçenekleriyle hızlı ve etkili hazırlık",GMAT Kurs Programı,171
https://www.dunyadillerimerkezi.com/duyurular/28-ispanyolca-kurslari.html,200,İspanyolca Kursları,"İspanyolca kursları; başlangıçtan ileri seviyeye, konuşma pratiği, sınav hazırlık ve özel ders seçenekleriyle esnek eğitim programları.",İspanyolca Kursları,91
https://www.dunyadillerimerkezi.com/sinav-hazirlik-egitimleri/toefl-kursu/toefl-nedir.html,200,TOEFL Nedir? | Dünya Dilleri Merkezi,"TOEFL sınavı hakkında detaylı bilgi: Kadıköy, Bağdat Caddesi, Levent–Etiler ve Ataşehir şubelerinde TOEFL hazırlık kursları, program içerikleri ve kayıt bilgileri.",TOEFL Nedir?‏,135
https://www.dunyadillerimerkezi.com/sinav-hazirlik-egitimleri/toefl-kursu/bagdat-caddesi-subesi-toefl-kurs-tarihi.html,200,Bağdat Caddesi Şubesi TOEFL Kurs Tarihi,"Bağdat Caddesi TOEFL kursu tarihleri: yeni dönem başlangıç tarihleri, tüm seviyelerde sınav hazırlık programları, ders içerikleri ve kayıt bilgileri",TOEFL Kursu Bağdat Caddesi Ders Programı,222
https://www.dunyadillerimerkezi.com/sinav-hazirlik-egitimleri/gre-kursu/atasehir-subesi-kurs-tarihi.html,200,Ataşehir Şubesi GRE Kurs Tarihi,"Ataşehir GRE kursu tarihleri: tüm sınav hazırlık programları, ders içerikleri ve kayıt bilgileri",GRE Kursu Ataşehir Ders Programı,195
https://www.dunyadillerimerkezi.com/yabanci-dil-egitimleri/rusca-kursu/besiktas-subesi-rusca-kurs-tarihi.html,200,Etiler Şubesi Rusça Kurs Tarihi,"Levent–Etiler Rusça kursu tarihleri: güncel kurs başlangıç tarihleri, eğitim programları, ders içerikleri ve kayıt koşulları hakkında detaylı bilgi.",Rusça Kursu Etiler Ders Programı,229
https://www.dunyadillerimerkezi.com/sinav-hazirlik-egitimleri/ingiltere-vize-sinavi-ingilizce-a1kursu.html,200,İngiltere Vize Kursu / IELTS Life Skills A1 İngilizce,"İngiltere vize kursu – IELTS Life Skills A1 İngilizce; sınav hazırlık, konuşma pratiği ve resmi süreçlere yönelik eğitimlerle profesyonel destek",İngiltere Vize Kursu / IELTS Life Skills A1 İngilizce,136
https://www.dunyadillerimerkezi.com/yabanci-dil-egitimleri/ingilizce-kursu/atasehir-subesi-ingilizce-kurs-tarihi.html,200,İngilizce Kursu Ataşehir Ders Programı| Dünya Dilleri Merkezi,"Ataşehir İngilizce kursu tarihleri: yeni dönem başlangıç tarihleri, tüm eğitim programları, ders içerikleri ve kayıt bilgileri",İngilizce Kursu Ataşehir Ders Programı,252
https://www.dunyadillerimerkezi.com/yabanci-dil-egitimleri/almanca-kursu/online-almanca-egitimi.html,200,Online Almanca Eğitimi Dil Kursu| Dünya Dilleri Merkezi,"Online Almanca eğitimi; başlangıçtan ileri seviyeye, konuşma pratiği, sınav hazırlık ve özel ders seçenekleriyle esnek programlar.",Online Almanca Eğitimi Dil Kursu,93
https://www.dunyadillerimerkezi.com/diger-program/ozel-dersler.html?view=article&id=380:proficiency-ozel-ders&catid=48,200,Proficiency Özel Ders Birebir Kurs Programları,"Proficiency özel ders birebir kurs programları; üniversite hazırlık, sınav teknikleri, online ve yüz yüze eğitim seçenekleriyle başarı odaklı dersler.",Proficiency Özel Ders Birebir Kurs Programları,139
https://www.dunyadillerimerkezi.com/ogrenci-yorumlari/401-ayten-un.html,200,Ayten ÜN,Öğrenci yorumları mail formunu kullanarak sitemize içerik yazınızı gönderebilirsiniz.,Ayten ÜN,127
https://www.dunyadillerimerkezi.com/sinav-hazirlik-egitimleri/toeic-kursu.html?view=article&id=295:kadikoy-merkez-kurs-tarihi&catid=33,200,Kadıköy Şubesi TOEIC Kurs Tarihi,"Kadıköy TOEIC kursu tarihleri hakkında detaylı bilgi: sınav hazırlık programları, ders içerikleri ve kayıt koşulları.",TOEIC Kursu Kadıköy Ders Programı,202
https://www.dunyadillerimerkezi.com/yabanci-dil-egitimleri/ingilizce-kursu/kadikoy-subesi-ingilizce-kurs-tarihi.html,200,İngilizce Kursu Kadıköy Ders Programı | Dünya Dilleri Merkezi,"Kadıköy İngilizce kursu tarihleri: güncel başlangıç tarihleri, sınav hazırlık programları, ders içerikleri ve kayıt koşulları hakkında detaylı bilgi",İngilizce Kursu Kadıköy Ders Programı,256
https://www.dunyadillerimerkezi.com/sinav-hazirlik-egitimleri/yds-kursu/yds-nedir.html,200,YDS Nedir? | Dünya Dilleri Merkezi,"Kadıköy, Levent, Etiler, Ataşehir, Bağdat Caddesi ve Ümraniye şubelerinde akademisyen öğretmenlerle yüz yüze ve online YDS Nedir?",YDS Nedir?,119
https://www.dunyadillerimerkezi.com/component/content/article/339-iletisim-sayfasi-levent.html?Itemid=404&catid=46,200,İletişim Sayfası Etiler,Dünya Dilleri Merkezi Levent Şubesi İletişim Sayfası.,,27
https://www.dunyadillerimerkezi.com/ogrenci-yorumlari/403-ipek-yucel.html,200,İpek YÜCEL,Öğrenci yorumları mail formunu kullanarak sitemize içerik yazınızı gönderebilirsiniz.,İpek YÜCEL,94
https://www.dunyadillerimerkezi.com/istanbul-teknik-universitesi.html,200,İstanbul Teknik Üniversitesi İTÜ Proficiency Hazırlık Atlama Sınavı Kursu,"İTÜ Hazırlık atlama sınavı dilbilgisi, okuma, dinleme, anlama ve akademik düzeyde kompozisyon yazabilme becerisini geliştirmeye yönelik eğitimler düzenlemekteyiz.",,408
https://www.dunyadillerimerkezi.com/sinav-hazirlik-egitimleri/yds-kursu/yds-ozel-ders.html,200,YDS Özel Ders Birebir Kurs Programları | Dünya Dilleri Merkezi,"YDS özel ders birebir kurs programları; sınav teknikleri, pratik testler, online ve yüz yüze eğitim seçenekleriyle hızlı ve etkili hazırlık.",YDS Özel Ders Birebir Kurs Programları,130
https://www.dunyadillerimerkezi.com/ogrenci-yorumlari.html?start=24,200,Öğrenci Yorumları,Öğrenci yorumları mail formunu kullanarak sitemize içerik yazınızı gönderebilirsiniz.,,369
https://www.dunyadillerimerkezi.com/ogrenci-yorumlari/422-nil-bilgen-yorum.html,200,Nil BİLGEN,Fransızca özel ders öğrencimiz Nil Bilgen'in almış olduğu eğitimle ilgili yorum ve düşünceleri.,Nil BİLGEN,140
https://www.dunyadillerimerkezi.com/yurtdisi-egitim/tercih.html,200,Yurtdışı dil Eğitiminde en çok tercih edilen ülkeler,"Yurtdışı dil eğitiminde en çok tercih edilen ülkeler; İngiltere, Kanada, ABD, Almanya ve Fransa’da dil kursları, sınav hazırlık ve yaz okulları.",Yurtdışı dil Eğitiminde en çok tercih edilen ülkeler Hangileri ?,201
https://www.dunyadillerimerkezi.com/sinav-hazirlik-egitimleri/cocuklar-icin-toefl-primary-egitimi.html,200,TOEFL Primary - DDM / Dünya Dilleri Merkezi - Çocuklar İçin TOEFL Primary Sınavı - TOEFL Primary Hazırlık Eğitimi,"TOEFL Primary eğitimi; çocuklara yönelik İngilizce sınav hazırlık, temel dil eğitimi ve online ders seçenekleriyle esnek programlar",TOEFL Primary Eğitimi,205
https://www.dunyadillerimerkezi.com/duyurular/30-toefl-ielts-hazirlik-kurslari.html,200,TOEFL ya da IELTS Hazırlık Kursları,"TOEFL ve IELTS hazırlık kursları; sınav stratejileri, pratik testler, online ve yüz yüze eğitim seçenekleriyle kısa sürede etkili hazırlık",TOEFL ya da IELTS Hazırlık Kursları,240
https://www.dunyadillerimerkezi.com/yurtdisi-egitim/yurtdisi-ingilizce-egitimi.html,200,Yurtdışı İngilizce Eğitimi,"Yetişkinler için İngilizce kursları; başlangıçtan ileri seviyeye, sınav hazırlık, Business English ve özel ders seçenekleriyle esnek programlar.",Yetişkinler için İngilizce Dil Kursları,195
https://www.dunyadillerimerkezi.com/yabanci-dil-egitimleri/cince-kursu.html,200,Çince Kursu Dil Eğitim Sistemi ve Fiyatları| Dünya Dilleri Merkezi,"Çince kursu hakkında detaylı bilgi: 5 şubemizde başlangıçtan ileriye tüm seviyelerde Çince programları, ders içerikleri ve kayıt koşulları.",Çince Kursu Dil Eğitim Sistemi ve Fiyatları,283
https://www.dunyadillerimerkezi.com/duyurular/27-rusca-kurslar.html,200,Rusça Kursları,"Rusça kursları; başlangıçtan ileri seviyeye, konuşma pratiği, sınav hazırlık ve özel ders seçenekleriyle esnek eğitim programları.",Rusça Kursları,29
https://www.dunyadillerimerkezi.com/,200,Dil Kursları - İngilizce - Almanca - Fransızca - İspanyolca - İtalyanca - Rusça - Flemenkçe - Türkçe,"Kadıköy, Levent, Etiler, Ataşehir, Bağdat Caddesi ve Ümraniye şubelerinde İngilizce, Almanca, Fransızca, Rusça, İspanyolca, İtalyanca, Çince ve Türkçe kursları.",Yabancı Dil Programları,1102
https://www.dunyadillerimerkezi.com/sinav-hazirlik-egitimleri/proficiency-kursu/proficiency-nedir.html,200,Proficiency Nedir ?,"Proficiency sınavı hakkında detaylı bilgi: Kadıköy, Bağdat Caddesi, Levent–Etiler ve Ataşehir şubelerinde hazırlık kursları, program içerikleri ve kayıt bilgileri.",Proficiency Nedir?,152
https://www.dunyadillerimerkezi.com/sinav-hazirlik-egitimleri/sat-kursu.html?view=article&id=381:sat-ozel-ders&catid=48,200,SAT Özel Ders Birebir Kurs Programları,"SAT özel ders birebir kurs programları; sınav stratejileri, pratik testler, online ve yüz yüze eğitim seçenekleriyle etkili hazırlık.",SAT Özel Ders Birebir Kurs Programları,194
https://www.dunyadillerimerkezi.com/ogrenci-yorumlari/175-fatih-sumruk.html,200,Fatih Sumruk,"Öğrencimiz Fatih Sumruk, almış olduğu dil eğitimi hakkında genel düşüncelerini bizimle paylaştı.",Fatih Sumruk,44
https://www.dunyadillerimerkezi.com/sinav-hazirlik-egitimleri/proficiency-kursu/marmara-universitesi.html,200,Marmara Üniversitesi Proficiency Hazırlık Atlama Sınavı Kursu,"Marmara Üniversitesi hazırlık atlama sınavına girecek öğrencilere özel reading, writing, speaking, listening becerisini geliştirmeye yönelik eğitimler.",,268
https://www.dunyadillerimerkezi.com/sabanci-universitesi.html,200,ELAE Kursu - DDM / Dünya Dilleri Merkezi,"Sabancı Üniversitesi hazırlık atlama ELAE sınavına girecek öğrencilere özel reading, writing, speaking, listening becerisini geliştirmeye yönelik eğitimler.",ELAE Kursu,718
https://www.dunyadillerimerkezi.com/ogrenci-yorumlari/395-gonca-celik.html,200,Gonca Çelik,IELTS öğrencimiz Gonca Çelik tarafından yazılar referans mektubu.,Gonca Çelik,114
https://www.dunyadillerimerkezi.com/sinav-hazirlik-egitimleri/toeic-kursu/atasehir-subesi-toeic-kurs-tarihi.html,200,Ataşehir Şubesi TOEIC Kurs Tarihi,"Ataşehir TOEIC kursu tarihleri: tüm sınav hazırlık programları, ders içerikleri ve kayıt bilgileri",TOEIC Kursu Ataşehir Ders Programı,203
https://www.dunyadillerimerkezi.com/sinav-hazirlik-egitimleri/ielts-kursu/bagdat-caddesi-subesi-kurs-tarihi.html,200,Bağdat Caddesi Şubesi IELTS Kurs Tarihi,"Bağdat Caddesi IELTS kursu tarihleri: başlangıçtan ileriye tüm hazırlık programları, ders içerikleri ve kayıt bilgileri.",IELTS Kursu Bağdat Caddesi Ders Programı,214
https://www.dunyadillerimerkezi.com/bahcesehir-universitesi.html,200,Bahçeşehir Üniversitesi Proficiency Hazırlık Atlama Sınavı Kursu,"Bahçeşehir Üniversitesi hazırlık atlama sınavı öğrencilerine özel reading, writing, speaking, listening becerisini geliştirmeye yönelik eğitimler.",,170
https://www.dunyadillerimerkezi.com/sinav-hazirlik-egitimleri/yds-kursu/besiktas-subesi-kurs-tarihi.html,200,Etiler Şubesi YDS Kurs Tarihi,"Levent–Etiler YDS kursu tarihleri: sınav hazırlık programları, ders içerikleri ve kayıt koşulları hakkında detaylı bilgi.",YDS Kursu Etiler Ders Programı,226
https://www.dunyadillerimerkezi.com/yabanci-dil-egitimleri/fransizca-kursu/kadikoy-subesi-fransizca-kurs-tarihi.html,200,Kadıköy Şubesi Fransızca Kurs Tarihi,"Kadıköy, Levent, Etiler, Ataşehir, Bağdat Caddesi ve Ümraniye şubelerinde Türk ve Fransız öğretmenlerle yüz yüze ve online Fransızca Kurs Tarihi",Fransızca Kursu Kadıköy Ders Programı,230
https://www.dunyadillerimerkezi.com/ogrenci-yorumlari/417-ielts-hazirlik-ogrencisi-yorumu-ece-ozdemir.html,200,Ece ÖZDEMİR,Öğrenci yorumları mail formunu kullanarak sitemize içerik yazınızı gönderebilirsiniz.,Ece ÖZDEMİR,66
https://www.dunyadillerimerkezi.com/sinav-hazirlik-egitimleri/toefl-essentials-kursu.html,200,TOEFL Essentials Kursu,"TOEFL Essentials kursu; sınav stratejileri, pratik testler, online ve yüz yüze eğitim seçenekleriyle kısa sürede etkili hazırlık",TOEFL Essentials Kursu Sınav Sistemi ve Fiyatları,110
https://www.dunyadillerimerkezi.com/ogrenci-yorumlari/388-tu%C4%9F%C3%A7e-%C3%B6zdemir.html,200,Tuğçe Özdemir,Öğrencimiz Tuğçe Özdemir almış olduğu Fransızca eğitimi hakkında genel düşüncelerini bizimle paylaştı.,Tuğçe Özdemir,87
https://www.dunyadillerimerkezi.com/yabanci-dil-egitimleri/almanca-kursu/kadikoy-subesi-almanca-kurs-tarihi.html,200,Kadıköy Şubesi Almanca Kurs Tarihi,"Kadıköy Almanca kursu tarihleri: güncel başlangıç tarihleri, sınav hazırlık programları, ders içerikleri ve kayıt koşulları hakkında detaylı bilgi",Almanca Kursu Kadıköy Ders Programı,217
https://www.dunyadillerimerkezi.com/sinav-hazirlik-egitimleri/ielts-kursu/besiktas-subesi-kurs-tarihi.html,200,Etiler Şubesi IELTS Kurs Tarihi,"Levent–Etiler IELTS kursu tarihleri: sınav hazırlık programları, ders içerikleri ve kayıt koşulları hakkında detaylı bilgi.",IELTS Kursu Etiler Ders Programı,205
https://www.dunyadillerimerkezi.com/sinav-hazirlik-egitimleri/proficiency-kursu/proficiency-kursu-2.html,200,PROFICIENCY Kurs Programı,"Proficiency kurs programı; üniversite hazırlık, sınav teknikleri, online ve yüz yüze eğitim seçenekleriyle hızlı ve etkili başarı odaklı dersler",PROFICIENCY Kurs Programı,179
https://www.dunyadillerimerkezi.com/yurtdisi-egitim/tercih/italyadauniversite.html,200,İtalya'da Üniversite Okumak - İtalyan Üniversiteleri Başvuru Süreci,"İtalya’da üniversite eğitimi; lisans ve yüksek lisans programları, başvuru danışmanlığı, dil hazırlık kursları ve yurtdışı eğitim desteği.",İtalya'da Üniversite Okumak,106
https://www.dunyadillerimerkezi.com/diger-program/cocuklar-icin-ingilizce-kursu.html,200,Çocuklar İçin İngilizce Kursu,"Çocuklar için İngilizce kursu; temel dil eğitimi, konuşma pratiği, oyunlarla öğrenme ve özel ders seçenekleriyle esnek programlar",Çocuklar İçin İngilizce Kursu,174
https://www.dunyadillerimerkezi.com/kocaeli-universitesi-hazirlik.html,200,Kocaeli Üniversitesi Proficiency Hazırlık Atlama Sınavı Kursu,"Kocaeli Üniversitesi hazırlık atlama sınavı öğrencilerine özel reading, writing, listening ve dil becerisini geliştirmeye yönelik eğitimler.",,359
https://www.dunyadillerimerkezi.com/yabanci-dil-egitimleri/almanca-kursu.html,200,Almanca Kursu Dil Eğitim Sistemi ve Fiyatları,"Almanca kursu hakkında detaylı bilgi: 5 şubemizde başlangıçtan ileriye tüm seviyelerde Almanca programları, ders içerikleri ve kayıt koşulları",Almanca Kursu Dil Eğitim Sistemi ve Fiyatları,1010
https://www.dunyadillerimerkezi.com/sinav-hazirlik-egitimleri/toefl-kursu/besiktas-subesi-toefl-kurs-tarihi.html,200,Etiler Şubesi TOEFL Kurs Tarihi,"Levent–Etiler TOEFL kursu tarihleri: güncel kurs başlangıç tarihleri, sınav hazırlık programları, ders içerikleri ve kayıt koşulları hakkında detaylı bilgi.",TOEFL Kursu Etiler Ders Programı,210
https://www.dunyadillerimerkezi.com/sinav-hazirlik-egitimleri/ielts-kursu/ielts-kursu-2.html,200,IELTS Kurs Programı | Dünya Dilleri Merkezi,"IELTS kurs programı; sınav stratejileri, pratik testler, online ve yüz yüze eğitim seçenekleriyle kısa sürede etkili hazırlık",IELTS Kurs Programı,191
https://www.dunyadillerimerkezi.com/yabanci-dil-egitimleri/ispanyolca-kursu/ispanyolca-kursu-2.html,200,İspanyolca Programları,"İspanyolca programları; başlangıçtan ileri seviyeye, konuşma pratiği, sınav hazırlık ve özel ders seçenekleriyle esnek eğitim",İspanyolca Kurs Programı,74
https://www.dunyadillerimerkezi.com/sinav-hazirlik-egitimleri/proficiency-kursu/proficiency-ornek-sinav-sorulari.html,200,Proficiency Örnek Sınav Soruları,"Proficiency örnek sınav soruları; üniversite hazırlık, sınav teknikleri, pratik testler ve online eğitim seçenekleriyle başarı odaklı programlar.",Proficiency Örnek Sınav Soruları,121
https://www.dunyadillerimerkezi.com/ogrenci-yorumlari.html?start=8,200,Öğrenci Yorumları,Öğrenci yorumları mail formunu kullanarak sitemize içerik yazınızı gönderebilirsiniz.,,208
https://www.dunyadillerimerkezi.com/diger-program/ozel-dersler.html?view=article&id=369:almanca-ozel-ders&catid=48,200,Almanca Özel Ders Birebir Kurs Programları,"Almanca özel ders birebir kurs programları; başlangıçtan ileri seviyeye, konuşma pratiği, sınav hazırlık ve özel ders seçenekleriyle esnek eğitim",Almanca Özel Ders Birebir Kurs Programları,175
https://www.dunyadillerimerkezi.com/ogrenci-yorumlari/445-ahmet-kiremitci.html,200,AHMET Kiremitçi,Öğrenci yorumları mail formunu kullanarak sitemize içerik yazınızı gönderebilirsiniz.,AHMET Kiremitçi,56
https://www.dunyadillerimerkezi.com/yabanci-dil-egitimleri/ingilizce-konusma-kursu/besiktas-subesi-ingilizce-konusma-kurs-tarihi.html,200,Etiler Şubesi İngilizce Konuşma Kurs Tarihi,"Levent–Etiler İngilizce konuşma kursu tarihleri: güncel kurs başlangıç tarihleri, pratik konuşma odaklı eğitim programları, ders içerikleri ve kayıt koşulları hakkında detaylı bilgi",İngilizce Konuşma Kursu Etiler Ders Programı,214
https://www.dunyadillerimerkezi.com/ogrenci-yorumlari/394-sinem-savasan.html,200,Sinem Savaşan,Öğrencimiz Sinem Savaşan tarafından yazılan referans mektubu.,Sinem Savaşan,58
https://www.dunyadillerimerkezi.com/ogrenci-yorumlari/399-kemal-sinan-tetikkurt.html,200,Kemal Sinan Tetikkurt,Öğrenci yorumları mail formunu kullanarak sitemize içerik yazınızı gönderebilirsiniz.,Kemal Sinan Tetikkurt,36
https://www.dunyadillerimerkezi.com/bilgi-universitesi.html,200,Bilgi Üniversitesi BİLET Proficiency Sınavı Hazırlık Atlama Kursu,"Bilgi Üniversitesi hazırlık atlama BİLET sınavına girecek öğrenciler için reading, writing, speaking, listening becerisini geliştirmeye yönelik eğitimler.",,239
https://www.dunyadillerimerkezi.com/koc-universitesi.html,200,Koç Üniversitesi KUEPE Proficiency Hazırlık Atlama Sınavı Kursu,"Koç Üniversitesi hazırlık atlama sınavı öğrencilerine özel reading, writing, speaking, listening, dilbilgisi becerisini geliştirmeye yönelik eğitimler.",Koç Üniversitesi KUEPE Kursu,293
https://www.dunyadillerimerkezi.com/ogrenci-yorumlari/420-sahar-azamparsa.html,200,Sahar Azamparsa,Öğrencimiz Sahar Azamparsa'nın almış olduğu TOEFL ve GRE eğitimiyle ilgili teşekkür yorumu.,Sahar Azamparsa,86
https://www.dunyadillerimerkezi.com/okan-universitesi.html,200,Okan Üniversitesi Proficiency Hazırlık Atlama Sınavı Kursu,Okan Üniversitesi hazırlık atlama sınavı öğrencilerine özel sınav tekniği ve becerisini geliştirmeye yönelik eğitimler.,Okan Üniversitesi Hazırlık Atlama Sınavı Kursu,163
https://www.dunyadillerimerkezi.com/sinav-hazirlik-egitimleri/academic-pte/academic-pte-2.html,200,PTE Programı | DDM | Dünya Dilleri Merkezi,"PTE programı; sınav teknikleri, pratik testler, online ve yüz yüze eğitim seçenekleriyle kısa sürede etkili hazırlık.",PTE Kurs Programı,102
https://www.dunyadillerimerkezi.com/sinav-hazirlik-egitimleri/gmat-kursu.html,200,GMAT Kursu,"GMAT kursu hakkında detaylı bilgi: Kadıköy, Bağdat Caddesi, Levent–Etiler ve Ataşehir şubelerinde sınav hazırlık programları, kurs tarihleri ve kayıt koşulları",GMAT Kursu,1649
https://www.dunyadillerimerkezi.com/sinav-hazirlik-egitimleri/proficiency-kursu/kadikoy-subesi-proficiency-kurs-tarihi.html,200,Kadıköy Şubesi PROFICIENCY Kurs Tarihi,"Kadıköy Proficiency kursu tarihleri hakkında detaylı bilgi: sınav hazırlık programları, ders içerikleri ve kayıt koşulları.",PROFICIENCY Kursu Kadıköy Ders Programı,227
https://www.dunyadillerimerkezi.com/diger-program/ozel-dersler.html?view=article&id=370:fransizca-ozel-ders&catid=48,200,Fransızca Özel Ders Birebir Kurs Programları,"Fransızca özel ders birebir kurs programları; başlangıçtan ileri seviyeye, konuşma pratiği, sınav hazırlık ve özel ders seçenekleriyle esnek eğitim",Fransızca Özel Ders Birebir Kurs Programları,259
https://www.dunyadillerimerkezi.com/ogrenci-yorumlari/408-sabanci-elae-sinavi-hazirlik-kursu-ogrenci-yorumlari.html,200,İlke EMEKSİZ,Sabancı Üniversitesi ELAE sınavı hazırlık atlama kursu öğrencisi yorumları.,İlke EMEKSİZ,61
https://www.dunyadillerimerkezi.com/diger-program/ozel-dersler.html?view=article&id=383:gmat-ozel-ders&catid=48,200,GMAT Özel Ders Birebir Kurs Programları,"GMAT özel ders birebir kurs programları; sınav stratejileri, pratik testler, online ve yüz yüze eğitim seçenekleriyle profesyonel hazırlık",,165
https://www.dunyadillerimerkezi.com/yabanci-dil-egitimleri/fransizca-kursu.html,200,Fransızca Kursu | DDM | Dünya Dilleri Merkezi,"Fransızca kursu hakkında detaylı bilgi: 5 şubemizde başlangıçtan ileriye tüm seviyelerde Fransızca programları, ders içerikleri ve kayıt koşulları",Fransızca Kursu Dil Eğitim Sistemi ve Fiyatları,751
https://www.dunyadillerimerkezi.com/ogrenci-yorumlari/17-cagla-yilmaz-ogrenci-yorumu.html,200,Çağla Yorulmaz,Öğrencimiz Çağla Yorulmaz almış olduğu dil eğitimi hakkında genel değerlendirme ve düşüncelerini bizlerle paylaştı.,Çağla Yorulmaz,109
https://www.dunyadillerimerkezi.com/sinav-hazirlik-egitimleri/toefl-kursu/toefl-ozel-ders.html,200,TOEFL Özel Ders Birebir Kurs Programları | Dünya Dilleri Merkezi,"TOEFL özel ders birebir kurs programları; sınav stratejileri, pratik testler, online ve yüz yüze eğitim seçenekleriyle kısa sürede etkili hazırlık.",TOEFL Özel Ders Birebir Kurs Programları,176
https://www.dunyadillerimerkezi.com/beykent-universitesi.html,200,Beykent Üniversitesi Proficiency Hazırlık Atlama Sınavı Kursu,"Beykent Üniversitesi hazırlık atlama sınavına girecek öğrencilere özel reading, writing, speaking, listening becerisini geliştirmeye yönelik eğitimler.",,115
https://www.dunyadillerimerkezi.com/yeditepe-universitesi.html,200,Yeditepe Üniversitesi Proficiency Hazırlık Atlama Sınavı Kursu,"Yeditepe Üniversitesi Hazırlık atlama sınavı dilbilgisi, kelime, okuma, anlama ve akademik düzeyde kompozisyon yazabilme eğitimleri düzenlemekteyiz.",Yeditepe Üniversitesi Proficiency Kursu,398
https://www.dunyadillerimerkezi.com/sinav-hazirlik-egitimleri/proficiency-kursu/besiktas-subesi-proficiency-kurs-tarihi.html,200,Etiler Şubesi PROFICIENCY Kurs Tarihi,"Levent–Etiler Proficiency kursu tarihleri: sınav hazırlık programları, ders içerikleri ve kayıt koşulları hakkında detaylı bilgi.",PROFICIENCY Kursu Etiler Ders Programı,228
https://www.dunyadillerimerkezi.com/sinav-hazirlik-egitimleri/proficiency-kursu/ozyegin-universitesi.html,200,TRACE Kursu - DDM / Dünya Dilleri Merkezi,"Özyeğin Üniversitesi hazırlık atlama TRACE sınavına girecek öğrencilere özel reading, writing, speaking, listening becerisini geliştirmeye yönelik eğitimler.",,662
https://www.dunyadillerimerkezi.com/yabanci-dil-egitimleri/almanca-kursu/bagdat-caddesi-subesi-almanca-kurs-tarihi.html,200,Bağdat Caddesi Şubesi Almanca Kurs Tarihi,"Bağdat Caddesi Almanca kursu tarihleri: yeni dönem başlangıç tarihleri, tüm seviyelerde eğitim programları, ders içerikleri ve kayıt bilgileri",Almanca Kursu Bağdat Caddesi Ders Programı,229
https://www.dunyadillerimerkezi.com/sinav-hazirlik-egitimleri/ielts-kursu/atasehir-subesi-kurs-tarihi.html,200,Ataşehir Şubesi IELTS Kurs Tarihi,"Ataşehir IELTS kursu tarihleri: tüm sınav hazırlık programları, ders içerikleri ve kayıt bilgileri.",IELTS Kursu Ataşehir Ders Programı,204
https://www.dunyadillerimerkezi.com/ogrenci-yorumlari/405-selin-golek.html,200,Selin,Öğrenci yorumları mail formunu kullanarak sitemize içerik yazınızı gönderebilirsiniz.,Selin,58
https://www.dunyadillerimerkezi.com/yurtdisi-egitim/sinav-hazirlik.html,200,Yurtdışı Sınav Hazırlık,"Yurtdışı sınav hazırlık; TOEFL, IELTS, SAT, GRE ve GMAT kurslarıyla online ve yüz yüze eğitim seçenekleri, profesyonel danışmanlık desteği.",Yurtdışı Sınav Hazırlık,247
https://www.dunyadillerimerkezi.com/component/tags/tag/toeic-kursu.html,200,Dil Kursları - İngilizce - Almanca - Fransızca - İspanyolca - İtalyanca - Rusça - Flemenkçe - Türkçe,"Kadıköy, Levent, Etiler, Ataşehir, Bağdat Caddesi ve Ümraniye şubelerinde İngilizce, Almanca, Fransızca, Rusça, İspanyolca, İtalyanca, Çince ve Türkçe kursları.",,20
https://www.dunyadillerimerkezi.com/sinav-hazirlik-egitimleri/yds-kursu/yds-ozel-ders-2.html,200,YDS Kurs Dönemi İlk Bahar ve Son Bahar | Dünya Dilleri Merkezi,"YDS kursları; ilkbahar ve sonbahar dönemlerinde sınav teknikleri, pratik testler, online ve yüz yüze eğitim seçenekleriyle kapsamlı hazırlık programları.",YDS Kurs Dönemi İlk Bahar ve Son Bahar,99
https://www.dunyadillerimerkezi.com/yabanci-dil-egitimleri/yabancila-icin-turkce-kurs/turkce-egitim-seviyeleri.html,200,Türkçe Eğitim Seviyeleri,"Kadıköy, Bağdat Caddesi, Levent–Etiler ve Ataşehir şubelerinde yabancılar için Türkçe eğitim seviyeleri; başlangıç, orta ve ileri programlar, yüz yüze ve online dersler.",Türkçe Eğitim Seviyeleri,365
https://www.dunyadillerimerkezi.com/diger-program/ozel-dersler.html?view=article&id=372:italyanca-ozel-ders&catid=48,200,İtalyanca Özel Ders Birebir Kurs Programları,"İtalyanca özel ders birebir kurs programları; başlangıçtan ileri seviyeye, konuşma pratiği, sınav hazırlık ve özel ders seçenekleriyle esnek eğitim",İtalyanca Özel Ders Birebir Kurs Programları,167
https://www.dunyadillerimerkezi.com/sinav-hazirlik-egitimleri/sat-kursu/kadikoy-subesi-sat-kurs-tarihi.html,200,Kadıköy Şubesi SAT Kurs Tarihi,"Kadıköy SAT kursu tarihleri hakkında detaylı bilgi: sınav hazırlık programları, ders içerikleri ve kayıt koşulları.",,191
https://www.dunyadillerimerkezi.com/sinav-hazirlik-egitimleri/gre-kursu/bagdat-caddesi-subesi-kurs-tarihi.html,200,Bağdat Caddesi Şubesi GRE Kurs Tarihi,"Bağdat Caddesi GRE kursu tarihleri: başlangıçtan ileriye tüm hazırlık programları, ders içerikleri ve kayıt bilgileri.",GRE Kursu Bağdat Caddesi Ders Programı,203
https://www.dunyadillerimerkezi.com/diger-program/ozel-dersler.html?view=article&id=378:toeic-ozel-ders&catid=48,200,TOEIC Özel Ders Birebir Kurs Programları,"TOEIC özel ders birebir kurs programları; sınav teknikleri, pratik testler, online ve yüz yüze eğitim seçenekleriyle profesyonel hazırlık",TOEIC Özel Ders Birebir Kurs Programları,178
https://www.dunyadillerimerkezi.com/yabanci-dil-egitimleri/ingilizce-kursu/ingilizce-kursu-2.html,200,İngilizce Kurs Programı | Dünya Dilleri Merkezi,"İngilizce programları; başlangıçtan ileri seviyeye, konuşma pratiği, sınav hazırlık ve özel ders seçenekleriyle esnek eğitim",İngilizce Kurs Programı,144
https://www.dunyadillerimerkezi.com/ogrenci-yorumlari.html?start=16,200,Öğrenci Yorumları,Öğrenci yorumları mail formunu kullanarak sitemize içerik yazınızı gönderebilirsiniz.,,340
https://www.dunyadillerimerkezi.com/duyurular/24-yds-kurslari.html,200,YDS Kursları,"YDS kursları; sınav teknikleri, pratik testler, online ve yüz yüze eğitim seçenekleriyle kapsamlı hazırlık programları.",YDS Kursları,29
https://www.dunyadillerimerkezi.com/sinav-hazirlik-egitimleri/proficiency-kursu/atasehir-subesi-proficiency-kurs-tarihi.html,200,Ataşehir Şubesi PROFICIENCY Kurs Tarihi,"Ataşehir Proficiency kursu tarihleri: tüm sınav hazırlık programları, ders içerikleri ve kayıt bilgileri.",PROFICIENCY Kursu Ataşehir Ders Programı,227
https://www.dunyadillerimerkezi.com/sinav-hazirlik-egitimleri/sat-kursu/sat-ozel-ders.html,200,SAT Özel Ders Birebir Kurs Programları,"SAT özel ders birebir kurs programları; sınav stratejileri, pratik testler, online ve yüz yüze eğitim seçenekleriyle etkili hazırlık.",SAT Özel Ders Birebir Kurs Programları,194
https://www.dunyadillerimerkezi.com/yabanci-dil-egitimleri/ingilizce-konusma-kursu/kadikoy-subesi-ingilizce-konusma-kurs-tarihi.html,200,Kadıköy Şubesi İngilizce Konuşma Kurs Tarihi,"Kadıköy İngilizce konuşma kursu tarihleri: güncel başlangıç tarihleri, pratik konuşma odaklı ders içerikleri ve kayıt koşulları hakkında detaylı bilgi.",İngilizce Konuşma Kursu Kadıköy Ders Programı,223
https://www.dunyadillerimerkezi.com/ogrenci-yorumlari/398-batuhan-yildiz.html,200,Batuhan YILDIZ,Öğrencimiz Batuhan'ın almış olduğu Fransızca özel ders için genel değerlendirme ve düşünceleri.,Batuhan YILDIZ,52
https://www.dunyadillerimerkezi.com/yabanci-dil-egitimleri/yabancila-icin-turkce-kurs/online-turkce-egitimi.html,200,Online Türkçe Eğitimi Dil Kursu | Dünya Dilleri Merkezi,"Online Türkçe eğitimi; başlangıçtan ileri seviyeye, konuşma pratiği, sınav hazırlık ve özel ders seçenekleriyle esnek programlar.",Online Türkçe Eğitimi Dil Kursu,91
https://www.dunyadillerimerkezi.com/isik-universitesi.html,200,Işık Üniversitesi Proficiency Hazırlık Atlama Sınavı Kursu,"Işık Üniversitesi hazırlık atlama sınavı öğrencilerine özel reading, writing, listening ve dilbilgisi becerisini geliştirmeye yönelik eğitimler.",,361
https://www.dunyadillerimerkezi.com/ogrenci-yorumlari/410-testdaf-kursu-ogrenci-yorumlar%C4%B1.html,200,Öykü HIZAL,Öğrenci yorumları mail formunu kullanarak sitemize içerik yazınızı gönderebilirsiniz.,Öykü HIZAL,53
https://www.dunyadillerimerkezi.com/sinav-hazirlik-egitimleri/toeic-kursu.html?view=article&id=378:toeic-ozel-ders&catid=48,200,TOEIC Özel Ders Birebir Kurs Programları,"TOEIC özel ders birebir kurs programları; sınav teknikleri, pratik testler, online ve yüz yüze eğitim seçenekleriyle profesyonel hazırlık",TOEIC Özel Ders Birebir Kurs Programları,178
https://www.dunyadillerimerkezi.com/duyurular/25-proficiency-kurslari.html,200,Proficiency Kursları,"Proficiency kursları; üniversite hazırlık, sınav teknikleri, pratik testler, online ve yüz yüze eğitim seçenekleriyle başarı odaklı programlar.",Proficiency Kursları,173
https://www.dunyadillerimerkezi.com/sinav-hazirlik-egitimleri/fransizca-aile-birlesimi-kursu.html,200,Fransızca Aile Birleşimi Kursu,"Fransızca aile birleşimi kursu; sınav hazırlık, konuşma pratiği ve resmi süreçlere yönelik eğitimlerle Kadıköy, Bağdat Caddesi, Levent–Etiler ve Ataşehir şubelerinde hizmet.",Fransızca Aile Birleşimi Kursu,661
https://www.dunyadillerimerkezi.com/yurtdisi-egitim/work-and-travel.html,200,Work and Travel,"yurtdışı dil kursu, Yurtdışında dil eğitimi Work And Travel, Work And Study programları ve dil okulları fiyat ve konaklama bilgileri sayfasıdır.",Yurtdışında Dil Eğitimi Work and Travel (WAT),508
https://www.dunyadillerimerkezi.com/yabanci-dil-egitimleri/almanca-kursu/hizlandirilmis-almanca-kursu.html?view=article&id=67:almanca-egitim-seviyeleri&catid=18,200,Almanca Eğitim Seviyeleri,"Almanca kursu seviyeleri hakkında detaylı bilgi: Kadıköy, Bağdat Caddesi, Levent–Etiler ve Ataşehir şubelerinde başlangıçtan ileriye tüm seviyelerde kurs programları, ders içerikleri ve kayıt koşulları.",,592
https://www.dunyadillerimerkezi.com/yabanci-dil-egitimleri/almanca-kursu/hizlandirilmis-almanca-kursu.html,200,Hızlandırılmış Almanca Dil Kursu| Dünya Dilleri Merkezi,"Hızlandırılmış Almanca kursu; yoğunlaştırılmış dersler, pratik konuşma, sınav hazırlık ve kısa sürede etkili öğrenim için özel programlar",Hızlandırılmış Almanca Dil Kursu,233
https://www.dunyadillerimerkezi.com/yabanci-dil-egitimleri/italyanca-kursu/atasehir-subesi-italyanca-kurs-tarihi.html,200,Ataşehir Şubesi İtalyanca Kurs Tarihi,"Ataşehir İtalyanca kursu tarihleri: yeni dönem başlangıç tarihleri, tüm eğitim programları, ders içerikleri ve kayıt bilgileri",İtalyanca Kursu Ataşehir Ders Programı,227
https://www.dunyadillerimerkezi.com/ogrenci-yorumlari.html?start=28,200,Öğrenci Yorumları,Öğrenci yorumları mail formunu kullanarak sitemize içerik yazınızı gönderebilirsiniz.,,326
https://www.dunyadillerimerkezi.com/sinav-hazirlik-egitimleri/gre-kursu/kadikoy-subesi-kurs-tarihi.html,200,Kadıköy Şubesi GRE Kurs Tarihi,"Kadıköy GRE kursu tarihleri hakkında detaylı bilgi: sınav hazırlık programları, ders içerikleri ve kayıt koşulları",GRE Kursu Kadıköy Ders Programı,202
https://www.dunyadillerimerkezi.com/duyurular/29-ingilizce-kurslari.html,200,İngilizce Kursları,"İngilizce kursları; başlangıçtan ileri seviyeye, sınav hazırlık, konuşma pratiği ve özel ders seçenekleriyle esnek eğitim programları",İngilizce Kursları,34
https://www.dunyadillerimerkezi.com/sinav-hazirlik-egitimleri/proficiency-kursu/bogazici-universitesi.html,200,Boğaziçi Üniversitesi BUEPT Proficiency Sınavı Hazırlık Atlama Kursu,"Buept, Hazırlık atlama sınavı Okuma, dinleme, anlama ve akademik düzeyde kompozisyon yazabilme becerisini geliştirmeye yönelik eğitimler düzenlemekteyiz.",,543
https://www.dunyadillerimerkezi.com/ingilizce-kurslari/yaz-okulu-ingilizce-kursu.html,200,Yaz Okulu İngilizce Programları,"Kadıköy, Levent, Etiler, Ataşehir, Bağdat Caddesi ve Ümraniye şubelerinde Türk ve yabancı öğretmenlerle yüz yüze ve online Yaz Okulu İngilizce Programları",Yaz Okulu İngilizce Kursu Ders Programları,320
https://www.dunyadillerimerkezi.com/tanitim-icerik/10-sistem.html,200,Yabancı Dil Eğitim Sistemi - DDM / Dünya Dilleri Merkezi,Dil eğitiminde Dünyada da en çok kullanılan 6 kurluk eğitim sistemini kullanmaktayız.,,212
https://www.dunyadillerimerkezi.com/tanitim-icerik/plan-10.html,200,Hafta İçi ve Hafta Sonu Yabancı Dil Eğitimi Programları,Sizde hafta sonu ve hafta içi dil eğitimi programlarımıza katılarak yabancı dil öğrenebilirsiniz.,,104
https://www.dunyadillerimerkezi.com/tanitim-icerik/10-ozel.html,200,Kişiye Özel Yabancı Dil Sınav Hazırlık Dersleri,"Özel Dersler, Yabancı dil eğitimi ve sınav hazırlık programlarına yönelik birebir dersler.",,214
https://www.dunyadillerimerkezi.com/tanitim-icerik/8-dilde.html,200,Farklı Dilde Eğitim Almak,Dünya Dilleri Merkezi 2003 yılından beri 8 farklı dilde yabancı dil eğitimi hizmeti sunmaktadır.,,58
https://www.dunyadillerimerkezi.com/tanitim-icerik/10-hazirlik.html,200,Sınav Hazırlık Programları,Yabancı dil sınavlarında 2003 yılından bugüne uzman öğretim kadromuz ile hizmet vermekteyiz.,,101
https://www.dunyadillerimerkezi.com/tanitim-icerik/10-ogrenme.html,200,Öğrenme Garantisi,Dünya Dilleri Merkezi öğrencilerine her dil eğitimi sonrası başarı sınavı uygulamaktadır.,,97
https://www.dunyadillerimerkezi.com/yabanci-dil.html,200,Yabancı Dil Programları,"Dünya Dilleri Merkezi yabancı dil kursları; sınav hazırlık, Business English, DDM Kids, özel ders ve yurtdışı programlarıyla 4 şubede online ve yüz yüze eğitim",Yabancı Dil Programları,455
https://www.dunyadillerimerkezi.com/ogrenci-yorumlari/410-testdaf-kursu-ogrenci-yorumları.html,200,Öykü HIZAL,Öğrenci yorumları mail formunu kullanarak sitemize içerik yazınızı gönderebilirsiniz.,Öykü HIZAL,53
https://www.dunyadillerimerkezi.com/ogrenci-yorumlari/416-ielts-öğrenci-yorumları-taylan-odabaşı.html,200,Taylan ODABAŞI,IELTS sınavı hazırlık öğrencimiz Taylan Odabaşı'nın almış olduğu eğitimle ilğili yorumları.,Taylan ODABAŞI,22
https://www.dunyadillerimerkezi.com/ogrenci-yorumlari/415-bilgi-ueniversitesi-bilet-hazirlik-atlama-sinavi-oegrenci-yorumu-dora.html,200,Dora ŞERMİN,Bilgi Üniversitesi BILET sınavı hazırlık eğitimi alan öğrencimiz Dora Şermin'in yorumu.,Dora ŞERMİN,68
https://www.dunyadillerimerkezi.com/ogrenci-yorumlari/414-pte-akademik-sınavı-kursu-öğrencisi-yorumuu.html,200,Seren KAHRAMAN,PTE Akademik sınavı eğitimi alan öğrencimiz Seren Kahraman'ın yorumu.,Seren KAHRAMAN,37
https://www.dunyadillerimerkezi.com/ogrenci-yorumlari/411-irem-uludirik-marmara-üniversitesi-hazırlık-atlama-sınavı-öğrenci-yorumu.html,200,İrem ULUDİRİK,Öğrenci yorumları mail formunu kullanarak sitemize içerik yazınızı gönderebilirsiniz.,İrem ULUDİRİK,59
https://www.dunyadillerimerkezi.com/component/content/article/65-levent-subesi-on-kayıt-formu.html?Itemid=241&catid=26,200,Levent Şubesi ön kayıt formu,"Kadıköy, Levent, Etiler, Ataşehir, Bağdat Caddesi ve Ümraniye şubelerinde İngilizce, Almanca, Fransızca, Rusça, İspanyolca, İtalyanca, Çince ve Türkçe kursları.",,33
https://www.dunyadillerimerkezi.com/ogrenci-yorumlari/367-ünal-uğur-çeçener.html,200,Ünal Uğur Çeçener,Öğrencimiz Uğur Çeçener almış olduğu IELTS eğitimi hakkında genel düşüncelerini ve sınav sonucunu bizimle paylaştı.,Ünal Uğur Çeçener,52
https://www.dunyadillerimerkezi.com/ogrenci-yorumlari/388-tuğçe-özdemir.html,200,Tuğçe Özdemir,Öğrencimiz Tuğçe Özdemir almış olduğu Fransızca eğitimi hakkında genel düşüncelerini bizimle paylaştı.,Tuğçe Özdemir,87
https://www.dunyadillerimerkezi.com/ogrenci-yorumlari/387-uğur-onar.html,200,Uğur Onar,Öğrencimiz Uğur Onar almış olduğu IELTS sınav hazırlık eğitimi hakkında genel düşüncelerini bizimle paylaştı.,Uğur Onar,96
